/*
SQLyog Ultimate v12.09 (64 bit)
MySQL - 5.7.30-log : Database - sw-edu
*********************************************************************
*/

/*!40101 SET NAMES utf8 */;

/*!40101 SET SQL_MODE=''*/;

/*!40014 SET @OLD_UNIQUE_CHECKS=@@UNIQUE_CHECKS, UNIQUE_CHECKS=0 */;
/*!40014 SET @OLD_FOREIGN_KEY_CHECKS=@@FOREIGN_KEY_CHECKS, FOREIGN_KEY_CHECKS=0 */;
/*!40101 SET @OLD_SQL_MODE=@@SQL_MODE, SQL_MODE='NO_AUTO_VALUE_ON_ZERO' */;
/*!40111 SET @OLD_SQL_NOTES=@@SQL_NOTES, SQL_NOTES=0 */;
CREATE DATABASE /*!32312 IF NOT EXISTS*/`sw-edu` /*!40100 DEFAULT CHARACTER SET utf8mb4 */;

USE `sw-edu`;

/*Table structure for table `analyze_sch_eval` */

DROP TABLE IF EXISTS `analyze_sch_eval`;

CREATE TABLE `analyze_sch_eval` (
  `analyze_id` bigint(20) NOT NULL AUTO_INCREMENT COMMENT 'å­¦æ ¡æµ‹è¯„åˆ†æID',
  `sch_name` varchar(200) NOT NULL COMMENT 'å­¦æ ¡åç§°',
  `sch_id` bigint(20) NOT NULL COMMENT 'å­¦æ ¡ID',
  `sch_year` varchar(200) NOT NULL COMMENT 'å­¦å¹´',
  `semester` varchar(200) NOT NULL COMMENT 'å­¦æœŸ',
  `create_time` datetime NOT NULL COMMENT 'åˆ›å»ºæ—¶é—´',
  `eval_score` double NOT NULL COMMENT 'æµ‹è¯„å¾—åˆ†',
  `ranking` varchar(50) NOT NULL COMMENT 'æ’å',
  PRIMARY KEY (`analyze_id`)
) ENGINE=InnoDB DEFAULT CHARSET=utf8mb4 COMMENT='å­¦æ ¡æ•™å­¦è´¨é‡åˆ†æè¡¨';

/*Data for the table `analyze_sch_eval` */

/*Table structure for table `analyze_teach_eval` */

DROP TABLE IF EXISTS `analyze_teach_eval`;

CREATE TABLE `analyze_teach_eval` (
  `analyze_id` bigint(20) NOT NULL AUTO_INCREMENT COMMENT 'è€å¸ˆæµ‹è¯„åˆ†æID',
  `teach_name` varchar(200) NOT NULL COMMENT 'è€å¸ˆåç§°',
  `teach_id` bigint(20) NOT NULL COMMENT 'è€å¸ˆID',
  `cart_id` varchar(200) NOT NULL COMMENT 'èº«ä»½è¯å·',
  `sch_name` varchar(200) NOT NULL COMMENT 'å­¦æ ¡åç§°',
  `sch_id` bigint(20) NOT NULL COMMENT 'å­¦æ ¡ID',
  `sch_year` varchar(200) NOT NULL COMMENT 'å­¦å¹´',
  `academic` varchar(200) NOT NULL COMMENT 'å­¦æœŸ',
  `create_time` datetime NOT NULL COMMENT 'åˆ›å»ºæ—¶é—´',
  `eval_score` varchar(200) NOT NULL COMMENT 'æµ‹è¯„å¾—åˆ†',
  `ranking` varchar(50) NOT NULL COMMENT 'æ’å',
  PRIMARY KEY (`analyze_id`)
) ENGINE=InnoDB DEFAULT CHARSET=utf8mb4 COMMENT='è€å¸ˆæ•™å­¦è´¨é‡åˆ†æè¡¨';

/*Data for the table `analyze_teach_eval` */

/*Table structure for table `basicdata_average_score` */

DROP TABLE IF EXISTS `basicdata_average_score`;

CREATE TABLE `basicdata_average_score` (
  `average_score_id` bigint(20) NOT NULL AUTO_INCREMENT COMMENT 'è¯„ä»·åˆ†æ•°ID',
  `course` varchar(200) NOT NULL COMMENT 'ç§‘ç›®',
  `course_id` bigint(20) NOT NULL COMMENT 'ç§‘ç›®ID',
  `average_score` varchar(200) NOT NULL COMMENT 'å¹³å‡åˆ†æ•°',
  `aver_type` varchar(200) NOT NULL COMMENT 'ç±»å‹',
  `academic` varchar(200) NOT NULL COMMENT 'å­¦ä¸šé˜¶æ®µ',
  `sch_year` varchar(200) NOT NULL COMMENT 'å­¦å¹´',
  `sch_year_id` bigint(20) NOT NULL COMMENT 'å­¦å¹´ID',
  `semester` varchar(200) NOT NULL COMMENT 'å­¦æœŸ',
  `semester_id` bigint(20) NOT NULL COMMENT 'å­¦æœŸID',
  `grade` varchar(200) NOT NULL COMMENT 'å¹´çº§',
  `grade_id` bigint(20) NOT NULL COMMENT 'å¹´çº§ID',
  `remark` varchar(500) NOT NULL COMMENT 'å¤‡æ³¨',
  PRIMARY KEY (`average_score_id`)
) ENGINE=InnoDB DEFAULT CHARSET=utf8mb4 COMMENT='å¹³å‡åˆ†æ•°è¡¨';

/*Data for the table `basicdata_average_score` */

/*Table structure for table `basicdata_course` */

DROP TABLE IF EXISTS `basicdata_course`;

CREATE TABLE `basicdata_course` (
  `course_id` bigint(20) NOT NULL AUTO_INCREMENT COMMENT 'ç§‘ç›®ID',
  `course` varchar(200) NOT NULL COMMENT 'ç§‘ç›®',
  `remark` varchar(500) NOT NULL COMMENT 'å¤‡æ³¨',
  PRIMARY KEY (`course_id`)
) ENGINE=InnoDB DEFAULT CHARSET=utf8mb4 COMMENT='ç§‘ç›®è¯¾ç¨‹è¡¨';

/*Data for the table `basicdata_course` */

/*Table structure for table `basicdata_exam_type` */

DROP TABLE IF EXISTS `basicdata_exam_type`;

CREATE TABLE `basicdata_exam_type` (
  `exam_type_id` bigint(20) NOT NULL AUTO_INCREMENT COMMENT 'è€ƒè¯•ç±»å‹ID',
  `exam_type` varchar(200) NOT NULL COMMENT 'è€ƒè¯•ç±»å‹',
  `remark` varchar(500) NOT NULL COMMENT 'å¤‡æ³¨',
  PRIMARY KEY (`exam_type_id`)
) ENGINE=InnoDB DEFAULT CHARSET=utf8mb4 COMMENT='è€ƒè¯•ç±»å‹è¡¨';

/*Data for the table `basicdata_exam_type` */

/*Table structure for table `basicdata_grade` */

DROP TABLE IF EXISTS `basicdata_grade`;

CREATE TABLE `basicdata_grade` (
  `grade_id` bigint(20) NOT NULL AUTO_INCREMENT COMMENT 'å¹´çº§ID',
  `grade` varchar(200) NOT NULL COMMENT 'å¹´çº§',
  `remark` varchar(500) NOT NULL COMMENT 'å¤‡æ³¨',
  PRIMARY KEY (`grade_id`)
) ENGINE=InnoDB DEFAULT CHARSET=utf8mb4 COMMENT='å¹´çº§è¡¨';

/*Data for the table `basicdata_grade` */

/*Table structure for table `basicdata_sch_type` */

DROP TABLE IF EXISTS `basicdata_sch_type`;

CREATE TABLE `basicdata_sch_type` (
  `sch_type_id` bigint(20) NOT NULL AUTO_INCREMENT COMMENT 'å­¦æ ¡ç±»å‹ID',
  `sch_type` varchar(200) NOT NULL COMMENT 'å­¦æ ¡ç±»å‹',
  `remark` varchar(500) NOT NULL COMMENT 'å¤‡æ³¨',
  PRIMARY KEY (`sch_type_id`)
) ENGINE=InnoDB DEFAULT CHARSET=utf8mb4 COMMENT='å­¦æ ¡ç±»å‹è¡¨';

/*Data for the table `basicdata_sch_type` */

/*Table structure for table `basicdata_sch_year` */

DROP TABLE IF EXISTS `basicdata_sch_year`;

CREATE TABLE `basicdata_sch_year` (
  `sch_year_id` bigint(20) NOT NULL AUTO_INCREMENT COMMENT 'å­¦å¹´ID',
  `sch_year` varchar(200) NOT NULL COMMENT 'å­¦å¹´',
  `start_time` varchar(200) NOT NULL COMMENT 'å¼€å§‹æ—¶é—´',
  `end_time` varchar(200) NOT NULL COMMENT 'ç»“æŸæ—¶é—´',
  `study_week` varchar(200) NOT NULL COMMENT 'å­¦ä¹ å‘¨',
  `remark` varchar(500) NOT NULL COMMENT 'å¤‡æ³¨',
  PRIMARY KEY (`sch_year_id`)
) ENGINE=InnoDB DEFAULT CHARSET=utf8mb4 COMMENT='å­¦å¹´è¡¨';

/*Data for the table `basicdata_sch_year` */

/*Table structure for table `basicdata_semester` */

DROP TABLE IF EXISTS `basicdata_semester`;

CREATE TABLE `basicdata_semester` (
  `semester_id` bigint(20) NOT NULL AUTO_INCREMENT COMMENT 'å­¦æœŸID',
  `semester` varchar(200) NOT NULL COMMENT 'å­¦æœŸ',
  `study_week` varchar(200) NOT NULL COMMENT 'å­¦ä¹ å‘¨',
  `remark` varchar(500) NOT NULL COMMENT 'å¤‡æ³¨',
  PRIMARY KEY (`semester_id`)
) ENGINE=InnoDB DEFAULT CHARSET=utf8mb4 COMMENT='å­¦æœŸè¡¨';

/*Data for the table `basicdata_semester` */

/*Table structure for table `data_inform` */

DROP TABLE IF EXISTS `data_inform`;

CREATE TABLE `data_inform` (
  `infor_id` bigint(20) NOT NULL AUTO_INCREMENT COMMENT 'æ–‡ä»¶ID',
  `infor_name` varchar(200) NOT NULL COMMENT 'æ–‡ä»¶åç§°',
  `sch_semester` varchar(200) NOT NULL COMMENT 'å­¦å¹´å­¦æœŸ',
  `academic` varchar(200) NOT NULL COMMENT 'å­¦ä¸šé˜¶æ®µ',
  `infor_type` varchar(200) NOT NULL COMMENT 'æ–‡ä»¶ç±»å‹',
  `upload_time` datetime NOT NULL COMMENT 'ä¸Šä¼ æ—¶é—´',
  `user_id` bigint(20) NOT NULL COMMENT 'ç”¨æˆ·ID',
  `username` varchar(200) NOT NULL COMMENT 'ç”¨æˆ·åç§°',
  `upload_state` char(1) NOT NULL DEFAULT '0' COMMENT 'ä¸Šä¼ çŠ¶æ€ï¼ˆ0æœªæˆåŠŸï¼Œ1æˆåŠŸï¼‰',
  `lock_state` char(1) NOT NULL DEFAULT '0' COMMENT 'é”å®šçŠ¶æ€ï¼ˆ0æœªåˆ°æœŸï¼Œ1åˆ°æœŸï¼‰',
  PRIMARY KEY (`infor_id`,`username`)
) ENGINE=InnoDB DEFAULT CHARSET=utf8mb4 COMMENT='æ•°æ®ç®¡ç†è¡¨';

/*Data for the table `data_inform` */

/*Table structure for table `eval_edu_quality` */

DROP TABLE IF EXISTS `eval_edu_quality`;

CREATE TABLE `eval_edu_quality` (
  `tech_quality_id` bigint(20) NOT NULL AUTO_INCREMENT COMMENT 'æ•™å­¦è´¨é‡ID',
  `tech_quality_name` varchar(200) NOT NULL COMMENT 'æ•™å­¦è´¨é‡æŠ¥å‘Š',
  `academic` varchar(200) NOT NULL COMMENT 'å­¦ä¸šé˜¶æ®µ',
  `sch_semester` varchar(200) NOT NULL COMMENT 'æ‰€å±å­¦å¹´å­¦æœŸ',
  `eval_objective` varchar(200) NOT NULL COMMENT 'å®¢æˆ·è¯„ä»·',
  `eval_subjective` varchar(200) NOT NULL COMMENT 'ä¸»è§‚è¯„ä»·',
  `create_time` datetime NOT NULL COMMENT 'åˆ›å»ºæ—¶é—´',
  `user_id` bigint(20) NOT NULL COMMENT 'ç”¨æˆ·ID',
  `username` varchar(200) NOT NULL COMMENT 'ç”¨æˆ·å§“å',
  PRIMARY KEY (`tech_quality_id`)
) ENGINE=InnoDB DEFAULT CHARSET=utf8mb4 COMMENT='æ•™å­¦è´¨é‡è¯„æµ‹è¡¨';

/*Data for the table `eval_edu_quality` */

/*Table structure for table `eval_school` */

DROP TABLE IF EXISTS `eval_school`;

CREATE TABLE `eval_school` (
  `eval_id` bigint(20) unsigned zerofill NOT NULL COMMENT 'å­¦æ ¡æµ‹è¯„ID',
  `eval_name` varchar(200) NOT NULL COMMENT 'æ€»è¡¨åç§°',
  `academic` varchar(200) NOT NULL COMMENT 'å­¦ä¸šé˜¶æ®µ',
  `sch_semester` varchar(200) NOT NULL COMMENT 'æ‰€å±å­¦å¹´å­¦æœŸ',
  `eval_plan_name` varchar(200) NOT NULL COMMENT 'æµ‹è¯„æ–¹æ¡ˆåç§°',
  `create_time` datetime NOT NULL COMMENT 'åˆ›å»ºæ—¶é—´',
  `user_id` bigint(20) NOT NULL COMMENT 'ç”¨æˆ·ID',
  `username` varchar(200) NOT NULL COMMENT 'ç”¨æˆ·åç§°',
  `ref_state` char(1) NOT NULL DEFAULT '0' COMMENT 'å¼•ç”¨çŠ¶æ€ï¼ˆ0æœªå¼•ç”¨ï¼Œ1å¼•ç”¨ï¼‰',
  PRIMARY KEY (`eval_id`)
) ENGINE=InnoDB DEFAULT CHARSET=utf8mb4 COMMENT='å­¦æ ¡æµ‹è¯„è¡¨';

/*Data for the table `eval_school` */

/*Table structure for table `eval_teach_persion` */

DROP TABLE IF EXISTS `eval_teach_persion`;

CREATE TABLE `eval_teach_persion` (
  `eval_id` bigint(20) NOT NULL AUTO_INCREMENT COMMENT 'è€å¸ˆä¸ªäººID',
  `eval_persion_name` varchar(200) NOT NULL COMMENT 'è€å¸ˆä¸ªäººæŠ¥å‘Šåç§°',
  `academic` varchar(200) NOT NULL COMMENT 'å­¦ä¸šé˜¶æ®µ',
  `sch_semester` varchar(200) NOT NULL COMMENT 'æ‰€å±å­¦å¹´å­¦æœŸ',
  `eval_objective` varchar(200) NOT NULL COMMENT 'å®¢è§‚è¯„ä»·',
  `eval_subjective` varchar(200) NOT NULL COMMENT 'ä¸»è§‚è¯„ä»·',
  `create_time` datetime NOT NULL COMMENT 'åˆ›å»ºæ—¶é—´',
  `user_id` bigint(20) NOT NULL COMMENT 'ç”¨æˆ·ID',
  `username` varchar(200) NOT NULL COMMENT 'ç”¨æˆ·åç§°',
  PRIMARY KEY (`eval_id`)
) ENGINE=InnoDB DEFAULT CHARSET=utf8mb4 COMMENT='è€å¸ˆä¸ªäººæµ‹è¯„è¡¨';

/*Data for the table `eval_teach_persion` */

/*Table structure for table `eval_teacher` */

DROP TABLE IF EXISTS `eval_teacher`;

CREATE TABLE `eval_teacher` (
  `eval_id` bigint(20) NOT NULL AUTO_INCREMENT COMMENT 'è€å¸ˆæµ‹è¯„ID',
  `eval_teach_name` varchar(200) NOT NULL COMMENT 'è€å¸ˆæµ‹è¯„æ±‡æ€»åç§°',
  `academic` varchar(200) NOT NULL COMMENT 'å­¦ä¸šé˜¶æ®µ',
  `sch_semester` varchar(200) NOT NULL COMMENT 'æ‰€å±å­¦å¹´å­¦æœŸ',
  `eval_plan` varchar(200) NOT NULL COMMENT 'è¯„æµ‹æ–¹æ¡ˆåç§°',
  `create_time` datetime NOT NULL COMMENT 'åˆ›å»ºæ—¶é—´',
  `ref_state` char(1) NOT NULL COMMENT 'å¼•ç”¨çŠ¶æ€ï¼ˆ0æœªå¼•ç”¨ï¼Œ1å¼•ç”¨ï¼‰',
  `user_id` bigint(20) NOT NULL COMMENT 'ç”¨æˆ·ID',
  `username` varchar(200) NOT NULL COMMENT 'ç”¨æˆ·åç§°',
  PRIMARY KEY (`eval_id`)
) ENGINE=InnoDB DEFAULT CHARSET=utf8mb4 COMMENT='è€å¸ˆæ•™å­¦æµ‹è¯„è¡¨';

/*Data for the table `eval_teacher` */

/*Table structure for table `gen_table` */

DROP TABLE IF EXISTS `gen_table`;

CREATE TABLE `gen_table` (
  `table_id` bigint(20) NOT NULL AUTO_INCREMENT COMMENT 'ç¼–å·',
  `table_name` varchar(200) DEFAULT '' COMMENT 'è¡¨åç§°',
  `table_comment` varchar(500) DEFAULT '' COMMENT 'è¡¨æè¿°',
  `sub_table_name` varchar(64) DEFAULT NULL COMMENT 'å…³è”å­è¡¨çš„è¡¨å',
  `sub_table_fk_name` varchar(64) DEFAULT NULL COMMENT 'å­è¡¨å…³è”çš„å¤–é”®å',
  `class_name` varchar(100) DEFAULT '' COMMENT 'å®ä½“ç±»åç§°',
  `tpl_category` varchar(200) DEFAULT 'crud' COMMENT 'ä½¿ç”¨çš„æ¨¡æ¿ï¼ˆcrudå•è¡¨æ“ä½œ treeæ ‘è¡¨æ“ä½œï¼‰',
  `package_name` varchar(100) DEFAULT NULL COMMENT 'ç”ŸæˆåŒ…è·¯å¾„',
  `module_name` varchar(30) DEFAULT NULL COMMENT 'ç”Ÿæˆæ¨¡å—å',
  `business_name` varchar(30) DEFAULT NULL COMMENT 'ç”Ÿæˆä¸šåŠ¡å',
  `function_name` varchar(50) DEFAULT NULL COMMENT 'ç”ŸæˆåŠŸèƒ½å',
  `function_author` varchar(50) DEFAULT NULL COMMENT 'ç”ŸæˆåŠŸèƒ½ä½œè€…',
  `gen_type` char(1) DEFAULT '0' COMMENT 'ç”Ÿæˆä»£ç æ–¹å¼ï¼ˆ0zipå‹ç¼©åŒ… 1è‡ªå®šä¹‰è·¯å¾„ï¼‰',
  `gen_path` varchar(200) DEFAULT '/' COMMENT 'ç”Ÿæˆè·¯å¾„ï¼ˆä¸å¡«é»˜è®¤é¡¹ç›®è·¯å¾„ï¼‰',
  `options` varchar(1000) DEFAULT NULL COMMENT 'å…¶å®ƒç”Ÿæˆé€‰é¡¹',
  `create_by` varchar(64) DEFAULT '' COMMENT 'åˆ›å»ºè€…',
  `create_time` datetime DEFAULT NULL COMMENT 'åˆ›å»ºæ—¶é—´',
  `update_by` varchar(64) DEFAULT '' COMMENT 'æ›´æ–°è€…',
  `update_time` datetime DEFAULT NULL COMMENT 'æ›´æ–°æ—¶é—´',
  `remark` varchar(500) DEFAULT NULL COMMENT 'å¤‡æ³¨',
  PRIMARY KEY (`table_id`)
) ENGINE=InnoDB DEFAULT CHARSET=utf8mb4 COMMENT='ä»£ç ç”Ÿæˆä¸šåŠ¡è¡¨';

/*Data for the table `gen_table` */

/*Table structure for table `gen_table_column` */

DROP TABLE IF EXISTS `gen_table_column`;

CREATE TABLE `gen_table_column` (
  `column_id` bigint(20) NOT NULL AUTO_INCREMENT COMMENT 'ç¼–å·',
  `table_id` varchar(64) DEFAULT NULL COMMENT 'å½’å±è¡¨ç¼–å·',
  `column_name` varchar(200) DEFAULT NULL COMMENT 'åˆ—åç§°',
  `column_comment` varchar(500) DEFAULT NULL COMMENT 'åˆ—æè¿°',
  `column_type` varchar(100) DEFAULT NULL COMMENT 'åˆ—ç±»å‹',
  `java_type` varchar(500) DEFAULT NULL COMMENT 'JAVAç±»å‹',
  `java_field` varchar(200) DEFAULT NULL COMMENT 'JAVAå­—æ®µå',
  `is_pk` char(1) DEFAULT NULL COMMENT 'æ˜¯å¦ä¸»é”®ï¼ˆ1æ˜¯ï¼‰',
  `is_increment` char(1) DEFAULT NULL COMMENT 'æ˜¯å¦è‡ªå¢ï¼ˆ1æ˜¯ï¼‰',
  `is_required` char(1) DEFAULT NULL COMMENT 'æ˜¯å¦å¿…å¡«ï¼ˆ1æ˜¯ï¼‰',
  `is_insert` char(1) DEFAULT NULL COMMENT 'æ˜¯å¦ä¸ºæ’å…¥å­—æ®µï¼ˆ1æ˜¯ï¼‰',
  `is_edit` char(1) DEFAULT NULL COMMENT 'æ˜¯å¦ç¼–è¾‘å­—æ®µï¼ˆ1æ˜¯ï¼‰',
  `is_list` char(1) DEFAULT NULL COMMENT 'æ˜¯å¦åˆ—è¡¨å­—æ®µï¼ˆ1æ˜¯ï¼‰',
  `is_query` char(1) DEFAULT NULL COMMENT 'æ˜¯å¦æŸ¥è¯¢å­—æ®µï¼ˆ1æ˜¯ï¼‰',
  `query_type` varchar(200) DEFAULT 'EQ' COMMENT 'æŸ¥è¯¢æ–¹å¼ï¼ˆç­‰äºã€ä¸ç­‰äºã€å¤§äºã€å°äºã€èŒƒå›´ï¼‰',
  `html_type` varchar(200) DEFAULT NULL COMMENT 'æ˜¾ç¤ºç±»å‹ï¼ˆæ–‡æœ¬æ¡†ã€æ–‡æœ¬åŸŸã€ä¸‹æ‹‰æ¡†ã€å¤é€‰æ¡†ã€å•é€‰æ¡†ã€æ—¥æœŸæ§ä»¶ï¼‰',
  `dict_type` varchar(200) DEFAULT '' COMMENT 'å­—å…¸ç±»å‹',
  `sort` int(11) DEFAULT NULL COMMENT 'æ’åº',
  `create_by` varchar(64) DEFAULT '' COMMENT 'åˆ›å»ºè€…',
  `create_time` datetime DEFAULT NULL COMMENT 'åˆ›å»ºæ—¶é—´',
  `update_by` varchar(64) DEFAULT '' COMMENT 'æ›´æ–°è€…',
  `update_time` datetime DEFAULT NULL COMMENT 'æ›´æ–°æ—¶é—´',
  PRIMARY KEY (`column_id`)
) ENGINE=InnoDB DEFAULT CHARSET=utf8mb4 COMMENT='ä»£ç ç”Ÿæˆä¸šåŠ¡è¡¨å­—æ®µ';

/*Data for the table `gen_table_column` */

/*Table structure for table `plan_edu` */

DROP TABLE IF EXISTS `plan_edu`;

CREATE TABLE `plan_edu` (
  `plan_id` bigint(20) NOT NULL AUTO_INCREMENT COMMENT 'æ–¹æ¡ˆID',
  `plan_name` varchar(200) NOT NULL COMMENT 'æ–¹æ¡ˆåç§°',
  `tar_type` varchar(200) NOT NULL COMMENT 'æŒ‡æ ‡ç±»å‹',
  `ref_tar` varchar(200) NOT NULL COMMENT 'å¼•ç”¨æŒ‡æ ‡',
  `sch_semester` varchar(200) NOT NULL COMMENT 'æ‰€å±å­¦å¹´å­¦æœŸ',
  `description` varchar(500) DEFAULT NULL COMMENT 'æè¿°',
  `create_time` datetime NOT NULL COMMENT 'åˆ›å»ºæ—¶é—´',
  `user_id` bigint(20) NOT NULL COMMENT 'ç”¨æˆ·ID',
  `username` varchar(200) NOT NULL COMMENT 'ç”¨æˆ·åç§°',
  `state` char(1) NOT NULL DEFAULT '0' COMMENT 'å¼•ç”¨çŠ¶æ€ï¼ˆ0æœªå¼•ç”¨ï¼Œ1å¼•ç”¨ï¼‰',
  PRIMARY KEY (`plan_id`)
) ENGINE=InnoDB DEFAULT CHARSET=utf8mb4 COMMENT='æ–¹æ¡ˆç®¡ç†è¡¨';

/*Data for the table `plan_edu` */

/*Table structure for table `qrtz_blob_triggers` */

DROP TABLE IF EXISTS `qrtz_blob_triggers`;

CREATE TABLE `qrtz_blob_triggers` (
  `sched_name` varchar(120) NOT NULL COMMENT 'è°ƒåº¦åç§°',
  `trigger_name` varchar(200) NOT NULL COMMENT 'qrtz_triggersè¡¨trigger_nameçš„å¤–é”®',
  `trigger_group` varchar(200) NOT NULL COMMENT 'qrtz_triggersè¡¨trigger_groupçš„å¤–é”®',
  `blob_data` blob COMMENT 'å­˜æ”¾æŒä¹…åŒ–Triggerå¯¹è±¡',
  PRIMARY KEY (`sched_name`,`trigger_name`,`trigger_group`),
  CONSTRAINT `qrtz_blob_triggers_ibfk_1` FOREIGN KEY (`sched_name`, `trigger_name`, `trigger_group`) REFERENCES `qrtz_triggers` (`sched_name`, `trigger_name`, `trigger_group`)
) ENGINE=InnoDB DEFAULT CHARSET=utf8mb4 COMMENT='Blobç±»å‹çš„è§¦å‘å™¨è¡¨';

/*Data for the table `qrtz_blob_triggers` */

/*Table structure for table `qrtz_calendars` */

DROP TABLE IF EXISTS `qrtz_calendars`;

CREATE TABLE `qrtz_calendars` (
  `sched_name` varchar(120) NOT NULL COMMENT 'è°ƒåº¦åç§°',
  `calendar_name` varchar(200) NOT NULL COMMENT 'æ—¥å†åç§°',
  `calendar` blob NOT NULL COMMENT 'å­˜æ”¾æŒä¹…åŒ–calendarå¯¹è±¡',
  PRIMARY KEY (`sched_name`,`calendar_name`)
) ENGINE=InnoDB DEFAULT CHARSET=utf8mb4 COMMENT='æ—¥å†ä¿¡æ¯è¡¨';

/*Data for the table `qrtz_calendars` */

/*Table structure for table `qrtz_cron_triggers` */

DROP TABLE IF EXISTS `qrtz_cron_triggers`;

CREATE TABLE `qrtz_cron_triggers` (
  `sched_name` varchar(120) NOT NULL COMMENT 'è°ƒåº¦åç§°',
  `trigger_name` varchar(200) NOT NULL COMMENT 'qrtz_triggersè¡¨trigger_nameçš„å¤–é”®',
  `trigger_group` varchar(200) NOT NULL COMMENT 'qrtz_triggersè¡¨trigger_groupçš„å¤–é”®',
  `cron_expression` varchar(200) NOT NULL COMMENT 'cronè¡¨è¾¾å¼',
  `time_zone_id` varchar(80) DEFAULT NULL COMMENT 'æ—¶åŒº',
  PRIMARY KEY (`sched_name`,`trigger_name`,`trigger_group`),
  CONSTRAINT `qrtz_cron_triggers_ibfk_1` FOREIGN KEY (`sched_name`, `trigger_name`, `trigger_group`) REFERENCES `qrtz_triggers` (`sched_name`, `trigger_name`, `trigger_group`)
) ENGINE=InnoDB DEFAULT CHARSET=utf8mb4 COMMENT='Cronç±»å‹çš„è§¦å‘å™¨è¡¨';

/*Data for the table `qrtz_cron_triggers` */

insert  into `qrtz_cron_triggers`(`sched_name`,`trigger_name`,`trigger_group`,`cron_expression`,`time_zone_id`) values ('RuoyiScheduler','TASK_CLASS_NAME1','DEFAULT','0/10 * * * * ?','Asia/Shanghai'),('RuoyiScheduler','TASK_CLASS_NAME2','DEFAULT','0/15 * * * * ?','Asia/Shanghai'),('RuoyiScheduler','TASK_CLASS_NAME3','DEFAULT','0/20 * * * * ?','Asia/Shanghai');

/*Table structure for table `qrtz_fired_triggers` */

DROP TABLE IF EXISTS `qrtz_fired_triggers`;

CREATE TABLE `qrtz_fired_triggers` (
  `sched_name` varchar(120) NOT NULL COMMENT 'è°ƒåº¦åç§°',
  `entry_id` varchar(95) NOT NULL COMMENT 'è°ƒåº¦å™¨å®ä¾‹id',
  `trigger_name` varchar(200) NOT NULL COMMENT 'qrtz_triggersè¡¨trigger_nameçš„å¤–é”®',
  `trigger_group` varchar(200) NOT NULL COMMENT 'qrtz_triggersè¡¨trigger_groupçš„å¤–é”®',
  `instance_name` varchar(200) NOT NULL COMMENT 'è°ƒåº¦å™¨å®ä¾‹å',
  `fired_time` bigint(13) NOT NULL COMMENT 'è§¦å‘çš„æ—¶é—´',
  `sched_time` bigint(13) NOT NULL COMMENT 'å®šæ—¶å™¨åˆ¶å®šçš„æ—¶é—´',
  `priority` int(11) NOT NULL COMMENT 'ä¼˜å…ˆçº§',
  `state` varchar(16) NOT NULL COMMENT 'çŠ¶æ€',
  `job_name` varchar(200) DEFAULT NULL COMMENT 'ä»»åŠ¡åç§°',
  `job_group` varchar(200) DEFAULT NULL COMMENT 'ä»»åŠ¡ç»„å',
  `is_nonconcurrent` varchar(1) DEFAULT NULL COMMENT 'æ˜¯å¦å¹¶å‘',
  `requests_recovery` varchar(1) DEFAULT NULL COMMENT 'æ˜¯å¦æ¥å—æ¢å¤æ‰§è¡Œ',
  PRIMARY KEY (`sched_name`,`entry_id`)
) ENGINE=InnoDB DEFAULT CHARSET=utf8mb4 COMMENT='å·²è§¦å‘çš„è§¦å‘å™¨è¡¨';

/*Data for the table `qrtz_fired_triggers` */

/*Table structure for table `qrtz_job_details` */

DROP TABLE IF EXISTS `qrtz_job_details`;

CREATE TABLE `qrtz_job_details` (
  `sched_name` varchar(120) NOT NULL COMMENT 'è°ƒåº¦åç§°',
  `job_name` varchar(200) NOT NULL COMMENT 'ä»»åŠ¡åç§°',
  `job_group` varchar(200) NOT NULL COMMENT 'ä»»åŠ¡ç»„å',
  `description` varchar(250) DEFAULT NULL COMMENT 'ç›¸å…³ä»‹ç»',
  `job_class_name` varchar(250) NOT NULL COMMENT 'æ‰§è¡Œä»»åŠ¡ç±»åç§°',
  `is_durable` varchar(1) NOT NULL COMMENT 'æ˜¯å¦æŒä¹…åŒ–',
  `is_nonconcurrent` varchar(1) NOT NULL COMMENT 'æ˜¯å¦å¹¶å‘',
  `is_update_data` varchar(1) NOT NULL COMMENT 'æ˜¯å¦æ›´æ–°æ•°æ®',
  `requests_recovery` varchar(1) NOT NULL COMMENT 'æ˜¯å¦æ¥å—æ¢å¤æ‰§è¡Œ',
  `job_data` blob COMMENT 'å­˜æ”¾æŒä¹…åŒ–jobå¯¹è±¡',
  PRIMARY KEY (`sched_name`,`job_name`,`job_group`)
) ENGINE=InnoDB DEFAULT CHARSET=utf8mb4 COMMENT='ä»»åŠ¡è¯¦ç»†ä¿¡æ¯è¡¨';

/*Data for the table `qrtz_job_details` */

insert  into `qrtz_job_details`(`sched_name`,`job_name`,`job_group`,`description`,`job_class_name`,`is_durable`,`is_nonconcurrent`,`is_update_data`,`requests_recovery`,`job_data`) values ('RuoyiScheduler','TASK_CLASS_NAME1','DEFAULT',NULL,'com.renhuas.quartz.util.QuartzDisallowConcurrentExecution','0','1','0','0','¬í\0sr\0org.quartz.JobDataMapŸ°ƒè¿©°Ë\0\0xr\0&org.quartz.utils.StringKeyDirtyFlagMap‚èÃûÅ](\0Z\0allowsTransientDataxr\0org.quartz.utils.DirtyFlagMapæ.­(v\nÎ\0Z\0dirtyL\0mapt\0Ljava/util/Map;xpsr\0java.util.HashMapÚÁÃ`Ñ\0F\0\nloadFactorI\0	thresholdxp?@\0\0\0\0\0w\0\0\0\0\0\0t\0TASK_PROPERTIESsr\0 com.renhuas.quartz.domain.SysJob\0\0\0\0\0\0\0\0L\0\nconcurrentt\0Ljava/lang/String;L\0cronExpressionq\0~\0	L\0invokeTargetq\0~\0	L\0jobGroupq\0~\0	L\0jobIdt\0Ljava/lang/Long;L\0jobNameq\0~\0	L\0\rmisfirePolicyq\0~\0	L\0statusq\0~\0	xr\0)com.renhuas.common.core.domain.BaseEntity\0\0\0\0\0\0\0\0L\0createByq\0~\0	L\0\ncreateTimet\0Ljava/util/Date;L\0paramsq\0~\0L\0remarkq\0~\0	L\0searchValueq\0~\0	L\0updateByq\0~\0	L\0\nupdateTimeq\0~\0xpt\0adminsr\0java.util.DatehjKYt\0\0xpw\0\0|í˜·xpt\0\0pppt\01t\00/10 * * * * ?t\0ryTask.ryNoParamst\0DEFAULTsr\0java.lang.Long;‹äÌ#ß\0J\0valuexr\0java.lang.Number†¬•”à‹\0\0xp\0\0\0\0\0\0\0t\0ç³»ç»Ÿé»˜è®¤ï¼ˆæ— å‚ï¼‰t\03t\01x\0'),('RuoyiScheduler','TASK_CLASS_NAME2','DEFAULT',NULL,'com.renhuas.quartz.util.QuartzDisallowConcurrentExecution','0','1','0','0','¬í\0sr\0org.quartz.JobDataMapŸ°ƒè¿©°Ë\0\0xr\0&org.quartz.utils.StringKeyDirtyFlagMap‚èÃûÅ](\0Z\0allowsTransientDataxr\0org.quartz.utils.DirtyFlagMapæ.­(v\nÎ\0Z\0dirtyL\0mapt\0Ljava/util/Map;xpsr\0java.util.HashMapÚÁÃ`Ñ\0F\0\nloadFactorI\0	thresholdxp?@\0\0\0\0\0w\0\0\0\0\0\0t\0TASK_PROPERTIESsr\0 com.renhuas.quartz.domain.SysJob\0\0\0\0\0\0\0\0L\0\nconcurrentt\0Ljava/lang/String;L\0cronExpressionq\0~\0	L\0invokeTargetq\0~\0	L\0jobGroupq\0~\0	L\0jobIdt\0Ljava/lang/Long;L\0jobNameq\0~\0	L\0\rmisfirePolicyq\0~\0	L\0statusq\0~\0	xr\0)com.renhuas.common.core.domain.BaseEntity\0\0\0\0\0\0\0\0L\0createByq\0~\0	L\0\ncreateTimet\0Ljava/util/Date;L\0paramsq\0~\0L\0remarkq\0~\0	L\0searchValueq\0~\0	L\0updateByq\0~\0	L\0\nupdateTimeq\0~\0xpt\0adminsr\0java.util.DatehjKYt\0\0xpw\0\0|í˜·xpt\0\0pppt\01t\00/15 * * * * ?t\0ryTask.ryParams(\'ry\')t\0DEFAULTsr\0java.lang.Long;‹äÌ#ß\0J\0valuexr\0java.lang.Number†¬•”à‹\0\0xp\0\0\0\0\0\0\0t\0ç³»ç»Ÿé»˜è®¤ï¼ˆæœ‰å‚ï¼‰t\03t\01x\0'),('RuoyiScheduler','TASK_CLASS_NAME3','DEFAULT',NULL,'com.renhuas.quartz.util.QuartzDisallowConcurrentExecution','0','1','0','0','¬í\0sr\0org.quartz.JobDataMapŸ°ƒè¿©°Ë\0\0xr\0&org.quartz.utils.StringKeyDirtyFlagMap‚èÃûÅ](\0Z\0allowsTransientDataxr\0org.quartz.utils.DirtyFlagMapæ.­(v\nÎ\0Z\0dirtyL\0mapt\0Ljava/util/Map;xpsr\0java.util.HashMapÚÁÃ`Ñ\0F\0\nloadFactorI\0	thresholdxp?@\0\0\0\0\0w\0\0\0\0\0\0t\0TASK_PROPERTIESsr\0 com.renhuas.quartz.domain.SysJob\0\0\0\0\0\0\0\0L\0\nconcurrentt\0Ljava/lang/String;L\0cronExpressionq\0~\0	L\0invokeTargetq\0~\0	L\0jobGroupq\0~\0	L\0jobIdt\0Ljava/lang/Long;L\0jobNameq\0~\0	L\0\rmisfirePolicyq\0~\0	L\0statusq\0~\0	xr\0)com.renhuas.common.core.domain.BaseEntity\0\0\0\0\0\0\0\0L\0createByq\0~\0	L\0\ncreateTimet\0Ljava/util/Date;L\0paramsq\0~\0L\0remarkq\0~\0	L\0searchValueq\0~\0	L\0updateByq\0~\0	L\0\nupdateTimeq\0~\0xpt\0adminsr\0java.util.DatehjKYt\0\0xpw\0\0|í˜·xpt\0\0pppt\01t\00/20 * * * * ?t\08ryTask.ryMultipleParams(\'ry\', true, 2000L, 316.50D, 100)t\0DEFAULTsr\0java.lang.Long;‹äÌ#ß\0J\0valuexr\0java.lang.Number†¬•”à‹\0\0xp\0\0\0\0\0\0\0t\0ç³»ç»Ÿé»˜è®¤ï¼ˆå¤šå‚ï¼‰t\03t\01x\0');

/*Table structure for table `qrtz_locks` */

DROP TABLE IF EXISTS `qrtz_locks`;

CREATE TABLE `qrtz_locks` (
  `sched_name` varchar(120) NOT NULL COMMENT 'è°ƒåº¦åç§°',
  `lock_name` varchar(40) NOT NULL COMMENT 'æ‚²è§‚é”åç§°',
  PRIMARY KEY (`sched_name`,`lock_name`)
) ENGINE=InnoDB DEFAULT CHARSET=utf8mb4 COMMENT='å­˜å‚¨çš„æ‚²è§‚é”ä¿¡æ¯è¡¨';

/*Data for the table `qrtz_locks` */

insert  into `qrtz_locks`(`sched_name`,`lock_name`) values ('RuoyiScheduler','STATE_ACCESS'),('RuoyiScheduler','TRIGGER_ACCESS');

/*Table structure for table `qrtz_paused_trigger_grps` */

DROP TABLE IF EXISTS `qrtz_paused_trigger_grps`;

CREATE TABLE `qrtz_paused_trigger_grps` (
  `sched_name` varchar(120) NOT NULL COMMENT 'è°ƒåº¦åç§°',
  `trigger_group` varchar(200) NOT NULL COMMENT 'qrtz_triggersè¡¨trigger_groupçš„å¤–é”®',
  PRIMARY KEY (`sched_name`,`trigger_group`)
) ENGINE=InnoDB DEFAULT CHARSET=utf8mb4 COMMENT='æš‚åœçš„è§¦å‘å™¨è¡¨';

/*Data for the table `qrtz_paused_trigger_grps` */

/*Table structure for table `qrtz_scheduler_state` */

DROP TABLE IF EXISTS `qrtz_scheduler_state`;

CREATE TABLE `qrtz_scheduler_state` (
  `sched_name` varchar(120) NOT NULL COMMENT 'è°ƒåº¦åç§°',
  `instance_name` varchar(200) NOT NULL COMMENT 'å®ä¾‹åç§°',
  `last_checkin_time` bigint(13) NOT NULL COMMENT 'ä¸Šæ¬¡æ£€æŸ¥æ—¶é—´',
  `checkin_interval` bigint(13) NOT NULL COMMENT 'æ£€æŸ¥é—´éš”æ—¶é—´',
  PRIMARY KEY (`sched_name`,`instance_name`)
) ENGINE=InnoDB DEFAULT CHARSET=utf8mb4 COMMENT='è°ƒåº¦å™¨çŠ¶æ€è¡¨';

/*Data for the table `qrtz_scheduler_state` */

insert  into `qrtz_scheduler_state`(`sched_name`,`instance_name`,`last_checkin_time`,`checkin_interval`) values ('RuoyiScheduler','DESKTOP-INMB5KD1636074747079',1636074915740,15000);

/*Table structure for table `qrtz_simple_triggers` */

DROP TABLE IF EXISTS `qrtz_simple_triggers`;

CREATE TABLE `qrtz_simple_triggers` (
  `sched_name` varchar(120) NOT NULL COMMENT 'è°ƒåº¦åç§°',
  `trigger_name` varchar(200) NOT NULL COMMENT 'qrtz_triggersè¡¨trigger_nameçš„å¤–é”®',
  `trigger_group` varchar(200) NOT NULL COMMENT 'qrtz_triggersè¡¨trigger_groupçš„å¤–é”®',
  `repeat_count` bigint(7) NOT NULL COMMENT 'é‡å¤çš„æ¬¡æ•°ç»Ÿè®¡',
  `repeat_interval` bigint(12) NOT NULL COMMENT 'é‡å¤çš„é—´éš”æ—¶é—´',
  `times_triggered` bigint(10) NOT NULL COMMENT 'å·²ç»è§¦å‘çš„æ¬¡æ•°',
  PRIMARY KEY (`sched_name`,`trigger_name`,`trigger_group`),
  CONSTRAINT `qrtz_simple_triggers_ibfk_1` FOREIGN KEY (`sched_name`, `trigger_name`, `trigger_group`) REFERENCES `qrtz_triggers` (`sched_name`, `trigger_name`, `trigger_group`)
) ENGINE=InnoDB DEFAULT CHARSET=utf8mb4 COMMENT='ç®€å•è§¦å‘å™¨çš„ä¿¡æ¯è¡¨';

/*Data for the table `qrtz_simple_triggers` */

/*Table structure for table `qrtz_simprop_triggers` */

DROP TABLE IF EXISTS `qrtz_simprop_triggers`;

CREATE TABLE `qrtz_simprop_triggers` (
  `sched_name` varchar(120) NOT NULL COMMENT 'è°ƒåº¦åç§°',
  `trigger_name` varchar(200) NOT NULL COMMENT 'qrtz_triggersè¡¨trigger_nameçš„å¤–é”®',
  `trigger_group` varchar(200) NOT NULL COMMENT 'qrtz_triggersè¡¨trigger_groupçš„å¤–é”®',
  `str_prop_1` varchar(512) DEFAULT NULL COMMENT 'Stringç±»å‹çš„triggerçš„ç¬¬ä¸€ä¸ªå‚æ•°',
  `str_prop_2` varchar(512) DEFAULT NULL COMMENT 'Stringç±»å‹çš„triggerçš„ç¬¬äºŒä¸ªå‚æ•°',
  `str_prop_3` varchar(512) DEFAULT NULL COMMENT 'Stringç±»å‹çš„triggerçš„ç¬¬ä¸‰ä¸ªå‚æ•°',
  `int_prop_1` int(11) DEFAULT NULL COMMENT 'intç±»å‹çš„triggerçš„ç¬¬ä¸€ä¸ªå‚æ•°',
  `int_prop_2` int(11) DEFAULT NULL COMMENT 'intç±»å‹çš„triggerçš„ç¬¬äºŒä¸ªå‚æ•°',
  `long_prop_1` bigint(20) DEFAULT NULL COMMENT 'longç±»å‹çš„triggerçš„ç¬¬ä¸€ä¸ªå‚æ•°',
  `long_prop_2` bigint(20) DEFAULT NULL COMMENT 'longç±»å‹çš„triggerçš„ç¬¬äºŒä¸ªå‚æ•°',
  `dec_prop_1` decimal(13,4) DEFAULT NULL COMMENT 'decimalç±»å‹çš„triggerçš„ç¬¬ä¸€ä¸ªå‚æ•°',
  `dec_prop_2` decimal(13,4) DEFAULT NULL COMMENT 'decimalç±»å‹çš„triggerçš„ç¬¬äºŒä¸ªå‚æ•°',
  `bool_prop_1` varchar(1) DEFAULT NULL COMMENT 'Booleanç±»å‹çš„triggerçš„ç¬¬ä¸€ä¸ªå‚æ•°',
  `bool_prop_2` varchar(1) DEFAULT NULL COMMENT 'Booleanç±»å‹çš„triggerçš„ç¬¬äºŒä¸ªå‚æ•°',
  PRIMARY KEY (`sched_name`,`trigger_name`,`trigger_group`),
  CONSTRAINT `qrtz_simprop_triggers_ibfk_1` FOREIGN KEY (`sched_name`, `trigger_name`, `trigger_group`) REFERENCES `qrtz_triggers` (`sched_name`, `trigger_name`, `trigger_group`)
) ENGINE=InnoDB DEFAULT CHARSET=utf8mb4 COMMENT='åŒæ­¥æœºåˆ¶çš„è¡Œé”è¡¨';

/*Data for the table `qrtz_simprop_triggers` */

/*Table structure for table `qrtz_triggers` */

DROP TABLE IF EXISTS `qrtz_triggers`;

CREATE TABLE `qrtz_triggers` (
  `sched_name` varchar(120) NOT NULL COMMENT 'è°ƒåº¦åç§°',
  `trigger_name` varchar(200) NOT NULL COMMENT 'è§¦å‘å™¨çš„åå­—',
  `trigger_group` varchar(200) NOT NULL COMMENT 'è§¦å‘å™¨æ‰€å±ç»„çš„åå­—',
  `job_name` varchar(200) NOT NULL COMMENT 'qrtz_job_detailsè¡¨job_nameçš„å¤–é”®',
  `job_group` varchar(200) NOT NULL COMMENT 'qrtz_job_detailsè¡¨job_groupçš„å¤–é”®',
  `description` varchar(250) DEFAULT NULL COMMENT 'ç›¸å…³ä»‹ç»',
  `next_fire_time` bigint(13) DEFAULT NULL COMMENT 'ä¸Šä¸€æ¬¡è§¦å‘æ—¶é—´ï¼ˆæ¯«ç§’ï¼‰',
  `prev_fire_time` bigint(13) DEFAULT NULL COMMENT 'ä¸‹ä¸€æ¬¡è§¦å‘æ—¶é—´ï¼ˆé»˜è®¤ä¸º-1è¡¨ç¤ºä¸è§¦å‘ï¼‰',
  `priority` int(11) DEFAULT NULL COMMENT 'ä¼˜å…ˆçº§',
  `trigger_state` varchar(16) NOT NULL COMMENT 'è§¦å‘å™¨çŠ¶æ€',
  `trigger_type` varchar(8) NOT NULL COMMENT 'è§¦å‘å™¨çš„ç±»å‹',
  `start_time` bigint(13) NOT NULL COMMENT 'å¼€å§‹æ—¶é—´',
  `end_time` bigint(13) DEFAULT NULL COMMENT 'ç»“æŸæ—¶é—´',
  `calendar_name` varchar(200) DEFAULT NULL COMMENT 'æ—¥ç¨‹è¡¨åç§°',
  `misfire_instr` smallint(2) DEFAULT NULL COMMENT 'è¡¥å¿æ‰§è¡Œçš„ç­–ç•¥',
  `job_data` blob COMMENT 'å­˜æ”¾æŒä¹…åŒ–jobå¯¹è±¡',
  PRIMARY KEY (`sched_name`,`trigger_name`,`trigger_group`),
  KEY `sched_name` (`sched_name`,`job_name`,`job_group`),
  CONSTRAINT `qrtz_triggers_ibfk_1` FOREIGN KEY (`sched_name`, `job_name`, `job_group`) REFERENCES `qrtz_job_details` (`sched_name`, `job_name`, `job_group`)
) ENGINE=InnoDB DEFAULT CHARSET=utf8mb4 COMMENT='è§¦å‘å™¨è¯¦ç»†ä¿¡æ¯è¡¨';

/*Data for the table `qrtz_triggers` */

insert  into `qrtz_triggers`(`sched_name`,`trigger_name`,`trigger_group`,`job_name`,`job_group`,`description`,`next_fire_time`,`prev_fire_time`,`priority`,`trigger_state`,`trigger_type`,`start_time`,`end_time`,`calendar_name`,`misfire_instr`,`job_data`) values ('RuoyiScheduler','TASK_CLASS_NAME1','DEFAULT','TASK_CLASS_NAME1','DEFAULT',NULL,1636074750000,-1,5,'PAUSED','CRON',1636074747000,0,NULL,2,''),('RuoyiScheduler','TASK_CLASS_NAME2','DEFAULT','TASK_CLASS_NAME2','DEFAULT',NULL,1636074750000,-1,5,'PAUSED','CRON',1636074747000,0,NULL,2,''),('RuoyiScheduler','TASK_CLASS_NAME3','DEFAULT','TASK_CLASS_NAME3','DEFAULT',NULL,1636074760000,-1,5,'PAUSED','CRON',1636074747000,0,NULL,2,'');

/*Table structure for table `sch_class` */

DROP TABLE IF EXISTS `sch_class`;

CREATE TABLE `sch_class` (
  `class_id` bigint(20) NOT NULL AUTO_INCREMENT COMMENT 'ç­çº§ID',
  `class_name` varchar(200) NOT NULL COMMENT 'ç­çº§åç§°',
  `remark` varchar(200) NOT NULL COMMENT 'å¤‡æ³¨',
  PRIMARY KEY (`class_id`)
) ENGINE=InnoDB DEFAULT CHARSET=utf8mb4 COMMENT='ç­çº§è¡¨';

/*Data for the table `sch_class` */

/*Table structure for table `sch_school` */

DROP TABLE IF EXISTS `sch_school`;

CREATE TABLE `sch_school` (
  `sch_id` bigint(20) NOT NULL AUTO_INCREMENT COMMENT 'å­¦æ ¡ID',
  `sch_name` varchar(200) NOT NULL COMMENT 'å­¦æ ¡åç§°',
  `sch_type` varchar(200) NOT NULL COMMENT 'å­¦æ ¡ç±»å‹',
  `sch_code` varchar(200) NOT NULL COMMENT 'å­¦æ ¡ä»£ç ',
  `region` varchar(200) NOT NULL COMMENT 'æ‰€å±åŒºåŸŸ',
  `address` varchar(500) NOT NULL COMMENT 'åœ°å€',
  `link_name` varchar(200) NOT NULL COMMENT 'è”ç³»äºº',
  `link_phone` varchar(200) NOT NULL COMMENT 'è”ç³»ç”µè¯',
  `sch_profile` varchar(500) NOT NULL COMMENT 'å­¦æ ¡ç®€ä»‹',
  PRIMARY KEY (`sch_id`)
) ENGINE=InnoDB DEFAULT CHARSET=utf8mb4 COMMENT='å­¦æ ¡è¡¨';

/*Data for the table `sch_school` */

/*Table structure for table `sch_student` */

DROP TABLE IF EXISTS `sch_student`;

CREATE TABLE `sch_student` (
  `stu_id` bigint(20) NOT NULL AUTO_INCREMENT COMMENT 'å­¦ç”ŸID',
  `stu_name` varchar(200) NOT NULL COMMENT 'å­¦ç”Ÿå§“å',
  `stu_nation` varchar(200) NOT NULL COMMENT 'æ°‘æ—',
  `stu_sex` varchar(200) NOT NULL COMMENT 'æ€§åˆ«',
  `sch_name` varchar(200) NOT NULL COMMENT 'å­¦æ ¡åç§°',
  `sch_id` varchar(200) NOT NULL COMMENT 'å­¦æ ¡ID',
  `sch_num` varchar(200) NOT NULL COMMENT 'å­¦ç±å·',
  `grade` varchar(200) NOT NULL COMMENT 'å½“å‰å¹´çº§',
  `class_id` bigint(20) NOT NULL COMMENT 'ç­çº§ID',
  `class_name` varchar(200) NOT NULL COMMENT 'å½“å‰ç­çº§',
  `native_place` varchar(200) NOT NULL COMMENT 'ç±è´¯',
  `address` varchar(500) NOT NULL COMMENT 'å¸¸ä½åœ°å€',
  `guardian` varchar(200) NOT NULL COMMENT 'ç›‘æŠ¤äººå§“å',
  `guard_phone` varchar(200) NOT NULL COMMENT 'ç›‘æŠ¤äººç”µè¯',
  PRIMARY KEY (`stu_id`)
) ENGINE=InnoDB DEFAULT CHARSET=utf8mb4 COMMENT='å­¦ç”Ÿè¡¨';

/*Data for the table `sch_student` */

/*Table structure for table `sch_teacher` */

DROP TABLE IF EXISTS `sch_teacher`;

CREATE TABLE `sch_teacher` (
  `teach_id` bigint(20) NOT NULL AUTO_INCREMENT COMMENT 'æ•™å¸ˆID',
  `teach_name` varchar(200) NOT NULL COMMENT 'æ•™å¸ˆå§“å',
  `teach_sex` varchar(200) NOT NULL COMMENT 'è€å¸ˆæ€§åˆ«',
  `birth_date` varchar(200) NOT NULL COMMENT 'å‡ºç”Ÿæ—¥æœŸ',
  `cart_id` varchar(200) NOT NULL COMMENT 'èº«ä»½è¯å·',
  `job_title` varchar(200) NOT NULL COMMENT 'èŒç§°',
  `sch_name` varchar(200) NOT NULL COMMENT 'ä»»æ•™å­¦æ ¡',
  `sch_id` bigint(20) NOT NULL COMMENT 'å­¦æ ¡ID',
  `sch_type` varchar(200) NOT NULL COMMENT 'å­¦æ ¡ç±»å‹',
  `course` varchar(200) NOT NULL COMMENT 'ä»»æ•™ç§‘ç›®',
  `telephone` varchar(200) NOT NULL COMMENT 'è”ç³»ç”µè¯',
  PRIMARY KEY (`teach_id`)
) ENGINE=InnoDB DEFAULT CHARSET=utf8mb4 COMMENT='è€å¸ˆè¡¨';

/*Data for the table `sch_teacher` */

/*Table structure for table `sys_config` */

DROP TABLE IF EXISTS `sys_config`;

CREATE TABLE `sys_config` (
  `config_id` int(5) NOT NULL AUTO_INCREMENT COMMENT 'å‚æ•°ä¸»é”®',
  `config_name` varchar(100) DEFAULT '' COMMENT 'å‚æ•°åç§°',
  `config_key` varchar(100) DEFAULT '' COMMENT 'å‚æ•°é”®å',
  `config_value` varchar(500) DEFAULT '' COMMENT 'å‚æ•°é”®å€¼',
  `config_type` char(1) DEFAULT 'N' COMMENT 'ç³»ç»Ÿå†…ç½®ï¼ˆYæ˜¯ Nå¦ï¼‰',
  `create_by` varchar(64) DEFAULT '' COMMENT 'åˆ›å»ºè€…',
  `create_time` datetime DEFAULT NULL COMMENT 'åˆ›å»ºæ—¶é—´',
  `update_by` varchar(64) DEFAULT '' COMMENT 'æ›´æ–°è€…',
  `update_time` datetime DEFAULT NULL COMMENT 'æ›´æ–°æ—¶é—´',
  `remark` varchar(500) DEFAULT NULL COMMENT 'å¤‡æ³¨',
  PRIMARY KEY (`config_id`)
) ENGINE=InnoDB AUTO_INCREMENT=100 DEFAULT CHARSET=utf8mb4 COMMENT='å‚æ•°é…ç½®è¡¨';

/*Data for the table `sys_config` */

insert  into `sys_config`(`config_id`,`config_name`,`config_key`,`config_value`,`config_type`,`create_by`,`create_time`,`update_by`,`update_time`,`remark`) values (1,'ä¸»æ¡†æ¶é¡µ-é»˜è®¤çš®è‚¤æ ·å¼åç§°','sys.index.skinName','skin-blue','Y','admin','2021-11-05 08:56:21','',NULL,'è“è‰² skin-blueã€ç»¿è‰² skin-greenã€ç´«è‰² skin-purpleã€çº¢è‰² skin-redã€é»„è‰² skin-yellow'),(2,'ç”¨æˆ·ç®¡ç†-è´¦å·åˆå§‹å¯†ç ','sys.user.initPassword','123456','Y','admin','2021-11-05 08:56:21','',NULL,'åˆå§‹åŒ–å¯†ç  123456'),(3,'ä¸»æ¡†æ¶é¡µ-ä¾§è¾¹æ ä¸»é¢˜','sys.index.sideTheme','theme-dark','Y','admin','2021-11-05 08:56:21','',NULL,'æ·±è‰²ä¸»é¢˜theme-darkï¼Œæµ…è‰²ä¸»é¢˜theme-light'),(4,'è´¦å·è‡ªåŠ©-éªŒè¯ç å¼€å…³','sys.account.captchaOnOff','true','Y','admin','2021-11-05 08:56:21','',NULL,'æ˜¯å¦å¼€å¯éªŒè¯ç åŠŸèƒ½ï¼ˆtrueå¼€å¯ï¼Œfalseå…³é—­ï¼‰'),(5,'è´¦å·è‡ªåŠ©-æ˜¯å¦å¼€å¯ç”¨æˆ·æ³¨å†ŒåŠŸèƒ½','sys.account.registerUser','false','Y','admin','2021-11-05 08:56:21','',NULL,'æ˜¯å¦å¼€å¯æ³¨å†Œç”¨æˆ·åŠŸèƒ½ï¼ˆtrueå¼€å¯ï¼Œfalseå…³é—­ï¼‰');

/*Table structure for table `sys_dept` */

DROP TABLE IF EXISTS `sys_dept`;

CREATE TABLE `sys_dept` (
  `dept_id` bigint(20) NOT NULL AUTO_INCREMENT COMMENT 'éƒ¨é—¨id',
  `parent_id` bigint(20) DEFAULT '0' COMMENT 'çˆ¶éƒ¨é—¨id',
  `ancestors` varchar(50) DEFAULT '' COMMENT 'ç¥–çº§åˆ—è¡¨',
  `dept_name` varchar(30) DEFAULT '' COMMENT 'éƒ¨é—¨åç§°',
  `order_num` int(4) DEFAULT '0' COMMENT 'æ˜¾ç¤ºé¡ºåº',
  `leader` varchar(20) DEFAULT NULL COMMENT 'è´Ÿè´£äºº',
  `phone` varchar(11) DEFAULT NULL COMMENT 'è”ç³»ç”µè¯',
  `email` varchar(50) DEFAULT NULL COMMENT 'é‚®ç®±',
  `status` char(1) DEFAULT '0' COMMENT 'éƒ¨é—¨çŠ¶æ€ï¼ˆ0æ­£å¸¸ 1åœç”¨ï¼‰',
  `del_flag` char(1) DEFAULT '0' COMMENT 'åˆ é™¤æ ‡å¿—ï¼ˆ0ä»£è¡¨å­˜åœ¨ 2ä»£è¡¨åˆ é™¤ï¼‰',
  `create_by` varchar(64) DEFAULT '' COMMENT 'åˆ›å»ºè€…',
  `create_time` datetime DEFAULT NULL COMMENT 'åˆ›å»ºæ—¶é—´',
  `update_by` varchar(64) DEFAULT '' COMMENT 'æ›´æ–°è€…',
  `update_time` datetime DEFAULT NULL COMMENT 'æ›´æ–°æ—¶é—´',
  PRIMARY KEY (`dept_id`)
) ENGINE=InnoDB AUTO_INCREMENT=200 DEFAULT CHARSET=utf8mb4 COMMENT='éƒ¨é—¨è¡¨';

/*Data for the table `sys_dept` */

insert  into `sys_dept`(`dept_id`,`parent_id`,`ancestors`,`dept_name`,`order_num`,`leader`,`phone`,`email`,`status`,`del_flag`,`create_by`,`create_time`,`update_by`,`update_time`) values (100,0,'0','è‹¥ä¾ç§‘æŠ€',0,'è‹¥ä¾','15888888888','ry@qq.com','0','0','admin','2021-11-05 08:56:20','',NULL),(101,100,'0,100','æ·±åœ³æ€»å…¬å¸',1,'è‹¥ä¾','15888888888','ry@qq.com','0','0','admin','2021-11-05 08:56:20','',NULL),(102,100,'0,100','é•¿æ²™åˆ†å…¬å¸',2,'è‹¥ä¾','15888888888','ry@qq.com','0','0','admin','2021-11-05 08:56:20','',NULL),(103,101,'0,100,101','ç ”å‘éƒ¨é—¨',1,'è‹¥ä¾','15888888888','ry@qq.com','0','0','admin','2021-11-05 08:56:20','',NULL),(104,101,'0,100,101','å¸‚åœºéƒ¨é—¨',2,'è‹¥ä¾','15888888888','ry@qq.com','0','0','admin','2021-11-05 08:56:20','',NULL),(105,101,'0,100,101','æµ‹è¯•éƒ¨é—¨',3,'è‹¥ä¾','15888888888','ry@qq.com','0','0','admin','2021-11-05 08:56:20','',NULL),(106,101,'0,100,101','è´¢åŠ¡éƒ¨é—¨',4,'è‹¥ä¾','15888888888','ry@qq.com','0','0','admin','2021-11-05 08:56:20','',NULL),(107,101,'0,100,101','è¿ç»´éƒ¨é—¨',5,'è‹¥ä¾','15888888888','ry@qq.com','0','0','admin','2021-11-05 08:56:20','',NULL),(108,102,'0,100,102','å¸‚åœºéƒ¨é—¨',1,'è‹¥ä¾','15888888888','ry@qq.com','0','0','admin','2021-11-05 08:56:20','',NULL),(109,102,'0,100,102','è´¢åŠ¡éƒ¨é—¨',2,'è‹¥ä¾','15888888888','ry@qq.com','0','0','admin','2021-11-05 08:56:20','',NULL);

/*Table structure for table `sys_dict_data` */

DROP TABLE IF EXISTS `sys_dict_data`;

CREATE TABLE `sys_dict_data` (
  `dict_code` bigint(20) NOT NULL AUTO_INCREMENT COMMENT 'å­—å…¸ç¼–ç ',
  `dict_sort` int(4) DEFAULT '0' COMMENT 'å­—å…¸æ’åº',
  `dict_label` varchar(100) DEFAULT '' COMMENT 'å­—å…¸æ ‡ç­¾',
  `dict_value` varchar(100) DEFAULT '' COMMENT 'å­—å…¸é”®å€¼',
  `dict_type` varchar(100) DEFAULT '' COMMENT 'å­—å…¸ç±»å‹',
  `css_class` varchar(100) DEFAULT NULL COMMENT 'æ ·å¼å±æ€§ï¼ˆå…¶ä»–æ ·å¼æ‰©å±•ï¼‰',
  `list_class` varchar(100) DEFAULT NULL COMMENT 'è¡¨æ ¼å›æ˜¾æ ·å¼',
  `is_default` char(1) DEFAULT 'N' COMMENT 'æ˜¯å¦é»˜è®¤ï¼ˆYæ˜¯ Nå¦ï¼‰',
  `status` char(1) DEFAULT '0' COMMENT 'çŠ¶æ€ï¼ˆ0æ­£å¸¸ 1åœç”¨ï¼‰',
  `create_by` varchar(64) DEFAULT '' COMMENT 'åˆ›å»ºè€…',
  `create_time` datetime DEFAULT NULL COMMENT 'åˆ›å»ºæ—¶é—´',
  `update_by` varchar(64) DEFAULT '' COMMENT 'æ›´æ–°è€…',
  `update_time` datetime DEFAULT NULL COMMENT 'æ›´æ–°æ—¶é—´',
  `remark` varchar(500) DEFAULT NULL COMMENT 'å¤‡æ³¨',
  PRIMARY KEY (`dict_code`)
) ENGINE=InnoDB AUTO_INCREMENT=100 DEFAULT CHARSET=utf8mb4 COMMENT='å­—å…¸æ•°æ®è¡¨';

/*Data for the table `sys_dict_data` */

insert  into `sys_dict_data`(`dict_code`,`dict_sort`,`dict_label`,`dict_value`,`dict_type`,`css_class`,`list_class`,`is_default`,`status`,`create_by`,`create_time`,`update_by`,`update_time`,`remark`) values (1,1,'ç”·','0','sys_user_sex','','','Y','0','admin','2021-11-05 08:56:21','',NULL,'æ€§åˆ«ç”·'),(2,2,'å¥³','1','sys_user_sex','','','N','0','admin','2021-11-05 08:56:21','',NULL,'æ€§åˆ«å¥³'),(3,3,'æœªçŸ¥','2','sys_user_sex','','','N','0','admin','2021-11-05 08:56:21','',NULL,'æ€§åˆ«æœªçŸ¥'),(4,1,'æ˜¾ç¤º','0','sys_show_hide','','primary','Y','0','admin','2021-11-05 08:56:21','',NULL,'æ˜¾ç¤ºèœå•'),(5,2,'éšè—','1','sys_show_hide','','danger','N','0','admin','2021-11-05 08:56:21','',NULL,'éšè—èœå•'),(6,1,'æ­£å¸¸','0','sys_normal_disable','','primary','Y','0','admin','2021-11-05 08:56:21','',NULL,'æ­£å¸¸çŠ¶æ€'),(7,2,'åœç”¨','1','sys_normal_disable','','danger','N','0','admin','2021-11-05 08:56:21','',NULL,'åœç”¨çŠ¶æ€'),(8,1,'æ­£å¸¸','0','sys_job_status','','primary','Y','0','admin','2021-11-05 08:56:21','',NULL,'æ­£å¸¸çŠ¶æ€'),(9,2,'æš‚åœ','1','sys_job_status','','danger','N','0','admin','2021-11-05 08:56:21','',NULL,'åœç”¨çŠ¶æ€'),(10,1,'é»˜è®¤','DEFAULT','sys_job_group','','','Y','0','admin','2021-11-05 08:56:21','',NULL,'é»˜è®¤åˆ†ç»„'),(11,2,'ç³»ç»Ÿ','SYSTEM','sys_job_group','','','N','0','admin','2021-11-05 08:56:21','',NULL,'ç³»ç»Ÿåˆ†ç»„'),(12,1,'æ˜¯','Y','sys_yes_no','','primary','Y','0','admin','2021-11-05 08:56:21','',NULL,'ç³»ç»Ÿé»˜è®¤æ˜¯'),(13,2,'å¦','N','sys_yes_no','','danger','N','0','admin','2021-11-05 08:56:21','',NULL,'ç³»ç»Ÿé»˜è®¤å¦'),(14,1,'é€šçŸ¥','1','sys_notice_type','','warning','Y','0','admin','2021-11-05 08:56:21','',NULL,'é€šçŸ¥'),(15,2,'å…¬å‘Š','2','sys_notice_type','','success','N','0','admin','2021-11-05 08:56:21','',NULL,'å…¬å‘Š'),(16,1,'æ­£å¸¸','0','sys_notice_status','','primary','Y','0','admin','2021-11-05 08:56:21','',NULL,'æ­£å¸¸çŠ¶æ€'),(17,2,'å…³é—­','1','sys_notice_status','','danger','N','0','admin','2021-11-05 08:56:21','',NULL,'å…³é—­çŠ¶æ€'),(18,1,'æ–°å¢','1','sys_oper_type','','info','N','0','admin','2021-11-05 08:56:21','',NULL,'æ–°å¢æ“ä½œ'),(19,2,'ä¿®æ”¹','2','sys_oper_type','','info','N','0','admin','2021-11-05 08:56:21','',NULL,'ä¿®æ”¹æ“ä½œ'),(20,3,'åˆ é™¤','3','sys_oper_type','','danger','N','0','admin','2021-11-05 08:56:21','',NULL,'åˆ é™¤æ“ä½œ'),(21,4,'æˆæƒ','4','sys_oper_type','','primary','N','0','admin','2021-11-05 08:56:21','',NULL,'æˆæƒæ“ä½œ'),(22,5,'å¯¼å‡º','5','sys_oper_type','','warning','N','0','admin','2021-11-05 08:56:21','',NULL,'å¯¼å‡ºæ“ä½œ'),(23,6,'å¯¼å…¥','6','sys_oper_type','','warning','N','0','admin','2021-11-05 08:56:21','',NULL,'å¯¼å…¥æ“ä½œ'),(24,7,'å¼ºé€€','7','sys_oper_type','','danger','N','0','admin','2021-11-05 08:56:21','',NULL,'å¼ºé€€æ“ä½œ'),(25,8,'ç”Ÿæˆä»£ç ','8','sys_oper_type','','warning','N','0','admin','2021-11-05 08:56:21','',NULL,'ç”Ÿæˆæ“ä½œ'),(26,9,'æ¸…ç©ºæ•°æ®','9','sys_oper_type','','danger','N','0','admin','2021-11-05 08:56:21','',NULL,'æ¸…ç©ºæ“ä½œ'),(27,1,'æˆåŠŸ','0','sys_common_status','','primary','N','0','admin','2021-11-05 08:56:21','',NULL,'æ­£å¸¸çŠ¶æ€'),(28,2,'å¤±è´¥','1','sys_common_status','','danger','N','0','admin','2021-11-05 08:56:21','',NULL,'åœç”¨çŠ¶æ€');

/*Table structure for table `sys_dict_type` */

DROP TABLE IF EXISTS `sys_dict_type`;

CREATE TABLE `sys_dict_type` (
  `dict_id` bigint(20) NOT NULL AUTO_INCREMENT COMMENT 'å­—å…¸ä¸»é”®',
  `dict_name` varchar(100) DEFAULT '' COMMENT 'å­—å…¸åç§°',
  `dict_type` varchar(100) DEFAULT '' COMMENT 'å­—å…¸ç±»å‹',
  `status` char(1) DEFAULT '0' COMMENT 'çŠ¶æ€ï¼ˆ0æ­£å¸¸ 1åœç”¨ï¼‰',
  `create_by` varchar(64) DEFAULT '' COMMENT 'åˆ›å»ºè€…',
  `create_time` datetime DEFAULT NULL COMMENT 'åˆ›å»ºæ—¶é—´',
  `update_by` varchar(64) DEFAULT '' COMMENT 'æ›´æ–°è€…',
  `update_time` datetime DEFAULT NULL COMMENT 'æ›´æ–°æ—¶é—´',
  `remark` varchar(500) DEFAULT NULL COMMENT 'å¤‡æ³¨',
  PRIMARY KEY (`dict_id`),
  UNIQUE KEY `dict_type` (`dict_type`)
) ENGINE=InnoDB AUTO_INCREMENT=100 DEFAULT CHARSET=utf8mb4 COMMENT='å­—å…¸ç±»å‹è¡¨';

/*Data for the table `sys_dict_type` */

insert  into `sys_dict_type`(`dict_id`,`dict_name`,`dict_type`,`status`,`create_by`,`create_time`,`update_by`,`update_time`,`remark`) values (1,'ç”¨æˆ·æ€§åˆ«','sys_user_sex','0','admin','2021-11-05 08:56:21','',NULL,'ç”¨æˆ·æ€§åˆ«åˆ—è¡¨'),(2,'èœå•çŠ¶æ€','sys_show_hide','0','admin','2021-11-05 08:56:21','',NULL,'èœå•çŠ¶æ€åˆ—è¡¨'),(3,'ç³»ç»Ÿå¼€å…³','sys_normal_disable','0','admin','2021-11-05 08:56:21','',NULL,'ç³»ç»Ÿå¼€å…³åˆ—è¡¨'),(4,'ä»»åŠ¡çŠ¶æ€','sys_job_status','0','admin','2021-11-05 08:56:21','',NULL,'ä»»åŠ¡çŠ¶æ€åˆ—è¡¨'),(5,'ä»»åŠ¡åˆ†ç»„','sys_job_group','0','admin','2021-11-05 08:56:21','',NULL,'ä»»åŠ¡åˆ†ç»„åˆ—è¡¨'),(6,'ç³»ç»Ÿæ˜¯å¦','sys_yes_no','0','admin','2021-11-05 08:56:21','',NULL,'ç³»ç»Ÿæ˜¯å¦åˆ—è¡¨'),(7,'é€šçŸ¥ç±»å‹','sys_notice_type','0','admin','2021-11-05 08:56:21','',NULL,'é€šçŸ¥ç±»å‹åˆ—è¡¨'),(8,'é€šçŸ¥çŠ¶æ€','sys_notice_status','0','admin','2021-11-05 08:56:21','',NULL,'é€šçŸ¥çŠ¶æ€åˆ—è¡¨'),(9,'æ“ä½œç±»å‹','sys_oper_type','0','admin','2021-11-05 08:56:21','',NULL,'æ“ä½œç±»å‹åˆ—è¡¨'),(10,'ç³»ç»ŸçŠ¶æ€','sys_common_status','0','admin','2021-11-05 08:56:21','',NULL,'ç™»å½•çŠ¶æ€åˆ—è¡¨');

/*Table structure for table `sys_job` */

DROP TABLE IF EXISTS `sys_job`;

CREATE TABLE `sys_job` (
  `job_id` bigint(20) NOT NULL AUTO_INCREMENT COMMENT 'ä»»åŠ¡ID',
  `job_name` varchar(64) NOT NULL DEFAULT '' COMMENT 'ä»»åŠ¡åç§°',
  `job_group` varchar(64) NOT NULL DEFAULT 'DEFAULT' COMMENT 'ä»»åŠ¡ç»„å',
  `invoke_target` varchar(500) NOT NULL COMMENT 'è°ƒç”¨ç›®æ ‡å­—ç¬¦ä¸²',
  `cron_expression` varchar(255) DEFAULT '' COMMENT 'cronæ‰§è¡Œè¡¨è¾¾å¼',
  `misfire_policy` varchar(20) DEFAULT '3' COMMENT 'è®¡åˆ’æ‰§è¡Œé”™è¯¯ç­–ç•¥ï¼ˆ1ç«‹å³æ‰§è¡Œ 2æ‰§è¡Œä¸€æ¬¡ 3æ”¾å¼ƒæ‰§è¡Œï¼‰',
  `concurrent` char(1) DEFAULT '1' COMMENT 'æ˜¯å¦å¹¶å‘æ‰§è¡Œï¼ˆ0å…è®¸ 1ç¦æ­¢ï¼‰',
  `status` char(1) DEFAULT '0' COMMENT 'çŠ¶æ€ï¼ˆ0æ­£å¸¸ 1æš‚åœï¼‰',
  `create_by` varchar(64) DEFAULT '' COMMENT 'åˆ›å»ºè€…',
  `create_time` datetime DEFAULT NULL COMMENT 'åˆ›å»ºæ—¶é—´',
  `update_by` varchar(64) DEFAULT '' COMMENT 'æ›´æ–°è€…',
  `update_time` datetime DEFAULT NULL COMMENT 'æ›´æ–°æ—¶é—´',
  `remark` varchar(500) DEFAULT '' COMMENT 'å¤‡æ³¨ä¿¡æ¯',
  PRIMARY KEY (`job_id`,`job_name`,`job_group`)
) ENGINE=InnoDB AUTO_INCREMENT=100 DEFAULT CHARSET=utf8mb4 COMMENT='å®šæ—¶ä»»åŠ¡è°ƒåº¦è¡¨';

/*Data for the table `sys_job` */

insert  into `sys_job`(`job_id`,`job_name`,`job_group`,`invoke_target`,`cron_expression`,`misfire_policy`,`concurrent`,`status`,`create_by`,`create_time`,`update_by`,`update_time`,`remark`) values (1,'ç³»ç»Ÿé»˜è®¤ï¼ˆæ— å‚ï¼‰','DEFAULT','ryTask.ryNoParams','0/10 * * * * ?','3','1','1','admin','2021-11-05 08:56:21','',NULL,''),(2,'ç³»ç»Ÿé»˜è®¤ï¼ˆæœ‰å‚ï¼‰','DEFAULT','ryTask.ryParams(\'ry\')','0/15 * * * * ?','3','1','1','admin','2021-11-05 08:56:21','',NULL,''),(3,'ç³»ç»Ÿé»˜è®¤ï¼ˆå¤šå‚ï¼‰','DEFAULT','ryTask.ryMultipleParams(\'ry\', true, 2000L, 316.50D, 100)','0/20 * * * * ?','3','1','1','admin','2021-11-05 08:56:21','',NULL,'');

/*Table structure for table `sys_job_log` */

DROP TABLE IF EXISTS `sys_job_log`;

CREATE TABLE `sys_job_log` (
  `job_log_id` bigint(20) NOT NULL AUTO_INCREMENT COMMENT 'ä»»åŠ¡æ—¥å¿—ID',
  `job_name` varchar(64) NOT NULL COMMENT 'ä»»åŠ¡åç§°',
  `job_group` varchar(64) NOT NULL COMMENT 'ä»»åŠ¡ç»„å',
  `invoke_target` varchar(500) NOT NULL COMMENT 'è°ƒç”¨ç›®æ ‡å­—ç¬¦ä¸²',
  `job_message` varchar(500) DEFAULT NULL COMMENT 'æ—¥å¿—ä¿¡æ¯',
  `status` char(1) DEFAULT '0' COMMENT 'æ‰§è¡ŒçŠ¶æ€ï¼ˆ0æ­£å¸¸ 1å¤±è´¥ï¼‰',
  `exception_info` varchar(2000) DEFAULT '' COMMENT 'å¼‚å¸¸ä¿¡æ¯',
  `create_time` datetime DEFAULT NULL COMMENT 'åˆ›å»ºæ—¶é—´',
  PRIMARY KEY (`job_log_id`)
) ENGINE=InnoDB DEFAULT CHARSET=utf8mb4 COMMENT='å®šæ—¶ä»»åŠ¡è°ƒåº¦æ—¥å¿—è¡¨';

/*Data for the table `sys_job_log` */

/*Table structure for table `sys_logininfor` */

DROP TABLE IF EXISTS `sys_logininfor`;

CREATE TABLE `sys_logininfor` (
  `info_id` bigint(20) NOT NULL AUTO_INCREMENT COMMENT 'è®¿é—®ID',
  `user_name` varchar(50) DEFAULT '' COMMENT 'ç”¨æˆ·è´¦å·',
  `ipaddr` varchar(128) DEFAULT '' COMMENT 'ç™»å½•IPåœ°å€',
  `login_location` varchar(255) DEFAULT '' COMMENT 'ç™»å½•åœ°ç‚¹',
  `browser` varchar(50) DEFAULT '' COMMENT 'æµè§ˆå™¨ç±»å‹',
  `os` varchar(50) DEFAULT '' COMMENT 'æ“ä½œç³»ç»Ÿ',
  `status` char(1) DEFAULT '0' COMMENT 'ç™»å½•çŠ¶æ€ï¼ˆ0æˆåŠŸ 1å¤±è´¥ï¼‰',
  `msg` varchar(255) DEFAULT '' COMMENT 'æç¤ºæ¶ˆæ¯',
  `login_time` datetime DEFAULT NULL COMMENT 'è®¿é—®æ—¶é—´',
  PRIMARY KEY (`info_id`)
) ENGINE=InnoDB AUTO_INCREMENT=101 DEFAULT CHARSET=utf8mb4 COMMENT='ç³»ç»Ÿè®¿é—®è®°å½•';

/*Data for the table `sys_logininfor` */

insert  into `sys_logininfor`(`info_id`,`user_name`,`ipaddr`,`login_location`,`browser`,`os`,`status`,`msg`,`login_time`) values (100,'admin','127.0.0.1','å†…ç½‘IP','Chrome 8','Windows 10','0','ç™»å½•æˆåŠŸ','2021-11-05 09:06:07');

/*Table structure for table `sys_menu` */

DROP TABLE IF EXISTS `sys_menu`;

CREATE TABLE `sys_menu` (
  `menu_id` bigint(20) NOT NULL AUTO_INCREMENT COMMENT 'èœå•ID',
  `menu_name` varchar(50) NOT NULL COMMENT 'èœå•åç§°',
  `parent_id` bigint(20) DEFAULT '0' COMMENT 'çˆ¶èœå•ID',
  `order_num` int(11) DEFAULT '0' COMMENT 'æ˜¾ç¤ºé¡ºåº',
  `path` varchar(200) DEFAULT '' COMMENT 'è·¯ç”±åœ°å€',
  `component` varchar(255) DEFAULT NULL COMMENT 'ç»„ä»¶è·¯å¾„',
  `query` varchar(255) DEFAULT NULL COMMENT 'è·¯ç”±å‚æ•°',
  `is_frame` int(11) DEFAULT '1' COMMENT 'æ˜¯å¦ä¸ºå¤–é“¾ï¼ˆ0æ˜¯ 1å¦ï¼‰',
  `is_cache` int(11) DEFAULT '0' COMMENT 'æ˜¯å¦ç¼“å­˜ï¼ˆ0ç¼“å­˜ 1ä¸ç¼“å­˜ï¼‰',
  `menu_type` char(1) DEFAULT '' COMMENT 'èœå•ç±»å‹ï¼ˆMç›®å½• Cèœå• FæŒ‰é’®ï¼‰',
  `visible` char(1) DEFAULT '0' COMMENT 'èœå•çŠ¶æ€ï¼ˆ0æ˜¾ç¤º 1éšè—ï¼‰',
  `status` char(1) DEFAULT '0' COMMENT 'èœå•çŠ¶æ€ï¼ˆ0æ­£å¸¸ 1åœç”¨ï¼‰',
  `perms` varchar(100) DEFAULT NULL COMMENT 'æƒé™æ ‡è¯†',
  `icon` varchar(100) DEFAULT '#' COMMENT 'èœå•å›¾æ ‡',
  `create_by` varchar(64) DEFAULT '' COMMENT 'åˆ›å»ºè€…',
  `create_time` datetime DEFAULT NULL COMMENT 'åˆ›å»ºæ—¶é—´',
  `update_by` varchar(64) DEFAULT '' COMMENT 'æ›´æ–°è€…',
  `update_time` datetime DEFAULT NULL COMMENT 'æ›´æ–°æ—¶é—´',
  `remark` varchar(500) DEFAULT '' COMMENT 'å¤‡æ³¨',
  PRIMARY KEY (`menu_id`)
) ENGINE=InnoDB AUTO_INCREMENT=2145 DEFAULT CHARSET=utf8mb4 COMMENT='èœå•æƒé™è¡¨';

/*Data for the table `sys_menu` */

insert  into `sys_menu`(`menu_id`,`menu_name`,`parent_id`,`order_num`,`path`,`component`,`query`,`is_frame`,`is_cache`,`menu_type`,`visible`,`status`,`perms`,`icon`,`create_by`,`create_time`,`update_by`,`update_time`,`remark`) values (1,'ç³»ç»Ÿç®¡ç†',0,8,'system',NULL,'',1,0,'M','0','0','','system','admin','2021-11-04 10:34:08','admin','2021-11-04 17:41:27','ç³»ç»Ÿç®¡ç†ç›®å½•'),(2,'ç³»ç»Ÿç›‘æ§',0,9,'monitor',NULL,'',1,0,'M','0','0','','monitor','admin','2021-11-04 10:34:08','admin','2021-11-04 17:41:34','ç³»ç»Ÿç›‘æ§ç›®å½•'),(3,'ç³»ç»Ÿå·¥å…·',0,10,'tool',NULL,'',1,0,'M','0','0','','tool','admin','2021-11-04 10:34:08','admin','2021-11-04 17:41:43','ç³»ç»Ÿå·¥å…·ç›®å½•'),(4,'è‹¥ä¾å®˜ç½‘',0,11,'http://ruoyi.vip',NULL,'',0,0,'M','1','0','','guide','admin','2021-11-04 10:34:08','admin','2021-11-04 17:41:50','è‹¥ä¾å®˜ç½‘åœ°å€'),(100,'ç”¨æˆ·ç®¡ç†',1,1,'user','system/user/index','',1,0,'C','0','0','system:user:list','user','admin','2021-11-04 10:34:08','',NULL,'ç”¨æˆ·ç®¡ç†èœå•'),(101,'è§’è‰²ç®¡ç†',1,2,'role','system/role/index','',1,0,'C','0','0','system:role:list','peoples','admin','2021-11-04 10:34:08','',NULL,'è§’è‰²ç®¡ç†èœå•'),(102,'èœå•ç®¡ç†',1,3,'menu','system/menu/index','',1,0,'C','0','0','system:menu:list','tree-table','admin','2021-11-04 10:34:08','',NULL,'èœå•ç®¡ç†èœå•'),(103,'éƒ¨é—¨ç®¡ç†',1,4,'dept','system/dept/index','',1,0,'C','0','0','system:dept:list','tree','admin','2021-11-04 10:34:08','',NULL,'éƒ¨é—¨ç®¡ç†èœå•'),(104,'å²—ä½ç®¡ç†',1,5,'post','system/post/index','',1,0,'C','0','0','system:post:list','post','admin','2021-11-04 10:34:08','',NULL,'å²—ä½ç®¡ç†èœå•'),(105,'å­—å…¸ç®¡ç†',1,6,'dict','system/dict/index','',1,0,'C','0','0','system:dict:list','dict','admin','2021-11-04 10:34:08','',NULL,'å­—å…¸ç®¡ç†èœå•'),(106,'å‚æ•°è®¾ç½®',1,7,'config','system/config/index','',1,0,'C','0','0','system:config:list','edit','admin','2021-11-04 10:34:08','',NULL,'å‚æ•°è®¾ç½®èœå•'),(107,'é€šçŸ¥å…¬å‘Š',1,8,'notice','system/notice/index','',1,0,'C','0','0','system:notice:list','message','admin','2021-11-04 10:34:08','',NULL,'é€šçŸ¥å…¬å‘Šèœå•'),(108,'æ—¥å¿—ç®¡ç†',1,9,'log','','',1,0,'M','0','0','','log','admin','2021-11-04 10:34:08','',NULL,'æ—¥å¿—ç®¡ç†èœå•'),(109,'åœ¨çº¿ç”¨æˆ·',2,1,'online','monitor/online/index','',1,0,'C','0','0','monitor:online:list','online','admin','2021-11-04 10:34:08','',NULL,'åœ¨çº¿ç”¨æˆ·èœå•'),(110,'å®šæ—¶ä»»åŠ¡',2,2,'job','monitor/job/index','',1,0,'C','0','0','monitor:job:list','job','admin','2021-11-04 10:34:08','',NULL,'å®šæ—¶ä»»åŠ¡èœå•'),(111,'æ•°æ®ç›‘æ§',2,3,'druid','monitor/druid/index','',1,0,'C','0','0','monitor:druid:list','druid','admin','2021-11-04 10:34:08','',NULL,'æ•°æ®ç›‘æ§èœå•'),(112,'æœåŠ¡ç›‘æ§',2,4,'server','monitor/server/index','',1,0,'C','0','0','monitor:server:list','server','admin','2021-11-04 10:34:08','',NULL,'æœåŠ¡ç›‘æ§èœå•'),(113,'ç¼“å­˜ç›‘æ§',2,5,'cache','monitor/cache/index','',1,0,'C','0','0','monitor:cache:list','redis','admin','2021-11-04 10:34:08','',NULL,'ç¼“å­˜ç›‘æ§èœå•'),(114,'è¡¨å•æ„å»º',3,1,'build','tool/build/index','',1,0,'C','0','0','tool:build:list','build','admin','2021-11-04 10:34:08','',NULL,'è¡¨å•æ„å»ºèœå•'),(115,'ä»£ç ç”Ÿæˆ',3,2,'gen','tool/gen/index','',1,0,'C','0','0','tool:gen:list','code','admin','2021-11-04 10:34:08','',NULL,'ä»£ç ç”Ÿæˆèœå•'),(116,'ç³»ç»Ÿæ¥å£',3,3,'swagger','tool/swagger/index','',1,0,'C','0','0','tool:swagger:list','swagger','admin','2021-11-04 10:34:08','',NULL,'ç³»ç»Ÿæ¥å£èœå•'),(500,'æ“ä½œæ—¥å¿—',108,1,'operlog','monitor/operlog/index','',1,0,'C','0','0','monitor:operlog:list','form','admin','2021-11-04 10:34:08','',NULL,'æ“ä½œæ—¥å¿—èœå•'),(501,'ç™»å½•æ—¥å¿—',108,2,'logininfor','monitor/logininfor/index','',1,0,'C','0','0','monitor:logininfor:list','logininfor','admin','2021-11-04 10:34:08','',NULL,'ç™»å½•æ—¥å¿—èœå•'),(1001,'ç”¨æˆ·æŸ¥è¯¢',100,1,'','','',1,0,'F','0','0','system:user:query','#','admin','2021-11-04 10:34:08','',NULL,''),(1002,'ç”¨æˆ·æ–°å¢',100,2,'','','',1,0,'F','0','0','system:user:add','#','admin','2021-11-04 10:34:08','',NULL,''),(1003,'ç”¨æˆ·ä¿®æ”¹',100,3,'','','',1,0,'F','0','0','system:user:edit','#','admin','2021-11-04 10:34:08','',NULL,''),(1004,'ç”¨æˆ·åˆ é™¤',100,4,'','','',1,0,'F','0','0','system:user:remove','#','admin','2021-11-04 10:34:08','',NULL,''),(1005,'ç”¨æˆ·å¯¼å‡º',100,5,'','','',1,0,'F','0','0','system:user:export','#','admin','2021-11-04 10:34:08','',NULL,''),(1006,'ç”¨æˆ·å¯¼å…¥',100,6,'','','',1,0,'F','0','0','system:user:import','#','admin','2021-11-04 10:34:08','',NULL,''),(1007,'é‡ç½®å¯†ç ',100,7,'','','',1,0,'F','0','0','system:user:resetPwd','#','admin','2021-11-04 10:34:08','',NULL,''),(1008,'è§’è‰²æŸ¥è¯¢',101,1,'','','',1,0,'F','0','0','system:role:query','#','admin','2021-11-04 10:34:08','',NULL,''),(1009,'è§’è‰²æ–°å¢',101,2,'','','',1,0,'F','0','0','system:role:add','#','admin','2021-11-04 10:34:08','',NULL,''),(1010,'è§’è‰²ä¿®æ”¹',101,3,'','','',1,0,'F','0','0','system:role:edit','#','admin','2021-11-04 10:34:08','',NULL,''),(1011,'è§’è‰²åˆ é™¤',101,4,'','','',1,0,'F','0','0','system:role:remove','#','admin','2021-11-04 10:34:08','',NULL,''),(1012,'è§’è‰²å¯¼å‡º',101,5,'','','',1,0,'F','0','0','system:role:export','#','admin','2021-11-04 10:34:08','',NULL,''),(1013,'èœå•æŸ¥è¯¢',102,1,'','','',1,0,'F','0','0','system:menu:query','#','admin','2021-11-04 10:34:08','',NULL,''),(1014,'èœå•æ–°å¢',102,2,'','','',1,0,'F','0','0','system:menu:add','#','admin','2021-11-04 10:34:08','',NULL,''),(1015,'èœå•ä¿®æ”¹',102,3,'','','',1,0,'F','0','0','system:menu:edit','#','admin','2021-11-04 10:34:08','',NULL,''),(1016,'èœå•åˆ é™¤',102,4,'','','',1,0,'F','0','0','system:menu:remove','#','admin','2021-11-04 10:34:08','',NULL,''),(1017,'éƒ¨é—¨æŸ¥è¯¢',103,1,'','','',1,0,'F','0','0','system:dept:query','#','admin','2021-11-04 10:34:08','',NULL,''),(1018,'éƒ¨é—¨æ–°å¢',103,2,'','','',1,0,'F','0','0','system:dept:add','#','admin','2021-11-04 10:34:08','',NULL,''),(1019,'éƒ¨é—¨ä¿®æ”¹',103,3,'','','',1,0,'F','0','0','system:dept:edit','#','admin','2021-11-04 10:34:08','',NULL,''),(1020,'éƒ¨é—¨åˆ é™¤',103,4,'','','',1,0,'F','0','0','system:dept:remove','#','admin','2021-11-04 10:34:08','',NULL,''),(1021,'å²—ä½æŸ¥è¯¢',104,1,'','','',1,0,'F','0','0','system:post:query','#','admin','2021-11-04 10:34:08','',NULL,''),(1022,'å²—ä½æ–°å¢',104,2,'','','',1,0,'F','0','0','system:post:add','#','admin','2021-11-04 10:34:08','',NULL,''),(1023,'å²—ä½ä¿®æ”¹',104,3,'','','',1,0,'F','0','0','system:post:edit','#','admin','2021-11-04 10:34:08','',NULL,''),(1024,'å²—ä½åˆ é™¤',104,4,'','','',1,0,'F','0','0','system:post:remove','#','admin','2021-11-04 10:34:08','',NULL,''),(1025,'å²—ä½å¯¼å‡º',104,5,'','','',1,0,'F','0','0','system:post:export','#','admin','2021-11-04 10:34:08','',NULL,''),(1026,'å­—å…¸æŸ¥è¯¢',105,1,'#','','',1,0,'F','0','0','system:dict:query','#','admin','2021-11-04 10:34:08','',NULL,''),(1027,'å­—å…¸æ–°å¢',105,2,'#','','',1,0,'F','0','0','system:dict:add','#','admin','2021-11-04 10:34:08','',NULL,''),(1028,'å­—å…¸ä¿®æ”¹',105,3,'#','','',1,0,'F','0','0','system:dict:edit','#','admin','2021-11-04 10:34:08','',NULL,''),(1029,'å­—å…¸åˆ é™¤',105,4,'#','','',1,0,'F','0','0','system:dict:remove','#','admin','2021-11-04 10:34:08','',NULL,''),(1030,'å­—å…¸å¯¼å‡º',105,5,'#','','',1,0,'F','0','0','system:dict:export','#','admin','2021-11-04 10:34:08','',NULL,''),(1031,'å‚æ•°æŸ¥è¯¢',106,1,'#','','',1,0,'F','0','0','system:config:query','#','admin','2021-11-04 10:34:08','',NULL,''),(1032,'å‚æ•°æ–°å¢',106,2,'#','','',1,0,'F','0','0','system:config:add','#','admin','2021-11-04 10:34:08','',NULL,''),(1033,'å‚æ•°ä¿®æ”¹',106,3,'#','','',1,0,'F','0','0','system:config:edit','#','admin','2021-11-04 10:34:08','',NULL,''),(1034,'å‚æ•°åˆ é™¤',106,4,'#','','',1,0,'F','0','0','system:config:remove','#','admin','2021-11-04 10:34:08','',NULL,''),(1035,'å‚æ•°å¯¼å‡º',106,5,'#','','',1,0,'F','0','0','system:config:export','#','admin','2021-11-04 10:34:08','',NULL,''),(1036,'å…¬å‘ŠæŸ¥è¯¢',107,1,'#','','',1,0,'F','0','0','system:notice:query','#','admin','2021-11-04 10:34:08','',NULL,''),(1037,'å…¬å‘Šæ–°å¢',107,2,'#','','',1,0,'F','0','0','system:notice:add','#','admin','2021-11-04 10:34:08','',NULL,''),(1038,'å…¬å‘Šä¿®æ”¹',107,3,'#','','',1,0,'F','0','0','system:notice:edit','#','admin','2021-11-04 10:34:08','',NULL,''),(1039,'å…¬å‘Šåˆ é™¤',107,4,'#','','',1,0,'F','0','0','system:notice:remove','#','admin','2021-11-04 10:34:08','',NULL,''),(1040,'æ“ä½œæŸ¥è¯¢',500,1,'#','','',1,0,'F','0','0','monitor:operlog:query','#','admin','2021-11-04 10:34:08','',NULL,''),(1041,'æ“ä½œåˆ é™¤',500,2,'#','','',1,0,'F','0','0','monitor:operlog:remove','#','admin','2021-11-04 10:34:08','',NULL,''),(1042,'æ—¥å¿—å¯¼å‡º',500,4,'#','','',1,0,'F','0','0','monitor:operlog:export','#','admin','2021-11-04 10:34:08','',NULL,''),(1043,'ç™»å½•æŸ¥è¯¢',501,1,'#','','',1,0,'F','0','0','monitor:logininfor:query','#','admin','2021-11-04 10:34:08','',NULL,''),(1044,'ç™»å½•åˆ é™¤',501,2,'#','','',1,0,'F','0','0','monitor:logininfor:remove','#','admin','2021-11-04 10:34:08','',NULL,''),(1045,'æ—¥å¿—å¯¼å‡º',501,3,'#','','',1,0,'F','0','0','monitor:logininfor:export','#','admin','2021-11-04 10:34:08','',NULL,''),(1046,'åœ¨çº¿æŸ¥è¯¢',109,1,'#','','',1,0,'F','0','0','monitor:online:query','#','admin','2021-11-04 10:34:08','',NULL,''),(1047,'æ‰¹é‡å¼ºé€€',109,2,'#','','',1,0,'F','0','0','monitor:online:batchLogout','#','admin','2021-11-04 10:34:08','',NULL,''),(1048,'å•æ¡å¼ºé€€',109,3,'#','','',1,0,'F','0','0','monitor:online:forceLogout','#','admin','2021-11-04 10:34:08','',NULL,''),(1049,'ä»»åŠ¡æŸ¥è¯¢',110,1,'#','','',1,0,'F','0','0','monitor:job:query','#','admin','2021-11-04 10:34:08','',NULL,''),(1050,'ä»»åŠ¡æ–°å¢',110,2,'#','','',1,0,'F','0','0','monitor:job:add','#','admin','2021-11-04 10:34:08','',NULL,''),(1051,'ä»»åŠ¡ä¿®æ”¹',110,3,'#','','',1,0,'F','0','0','monitor:job:edit','#','admin','2021-11-04 10:34:08','',NULL,''),(1052,'ä»»åŠ¡åˆ é™¤',110,4,'#','','',1,0,'F','0','0','monitor:job:remove','#','admin','2021-11-04 10:34:08','',NULL,''),(1053,'çŠ¶æ€ä¿®æ”¹',110,5,'#','','',1,0,'F','0','0','monitor:job:changeStatus','#','admin','2021-11-04 10:34:08','',NULL,''),(1054,'ä»»åŠ¡å¯¼å‡º',110,7,'#','','',1,0,'F','0','0','monitor:job:export','#','admin','2021-11-04 10:34:08','',NULL,''),(1055,'ç”ŸæˆæŸ¥è¯¢',115,1,'#','','',1,0,'F','0','0','tool:gen:query','#','admin','2021-11-04 10:34:08','',NULL,''),(1056,'ç”Ÿæˆä¿®æ”¹',115,2,'#','','',1,0,'F','0','0','tool:gen:edit','#','admin','2021-11-04 10:34:09','',NULL,''),(1057,'ç”Ÿæˆåˆ é™¤',115,3,'#','','',1,0,'F','0','0','tool:gen:remove','#','admin','2021-11-04 10:34:09','',NULL,''),(1058,'å¯¼å…¥ä»£ç ',115,2,'#','','',1,0,'F','0','0','tool:gen:import','#','admin','2021-11-04 10:34:09','',NULL,''),(1059,'é¢„è§ˆä»£ç ',115,4,'#','','',1,0,'F','0','0','tool:gen:preview','#','admin','2021-11-04 10:34:09','',NULL,''),(1060,'ç”Ÿæˆä»£ç ',115,5,'#','','',1,0,'F','0','0','tool:gen:code','#','admin','2021-11-04 10:34:09','',NULL,''),(2000,'æ•°æ®ä¿¡æ¯',2006,1,'datainform','datainform/datainform/index',NULL,1,0,'C','0','0','datainform:datainform:list','documentation','admin','2021-11-04 12:17:26','admin','2021-11-04 18:10:00','æ•°æ®ç®¡ç†èœå•'),(2001,'æ•°æ®ç®¡ç†æŸ¥è¯¢',2000,1,'#','',NULL,1,0,'F','0','0','datainform:datainform:query','#','admin','2021-11-04 12:17:26','',NULL,''),(2002,'æ•°æ®ç®¡ç†æ–°å¢',2000,2,'#','',NULL,1,0,'F','0','0','datainform:datainform:add','#','admin','2021-11-04 12:17:26','',NULL,''),(2003,'æ•°æ®ç®¡ç†ä¿®æ”¹',2000,3,'#','',NULL,1,0,'F','0','0','datainform:datainform:edit','#','admin','2021-11-04 12:17:26','',NULL,''),(2004,'æ•°æ®ç®¡ç†åˆ é™¤',2000,4,'#','',NULL,1,0,'F','0','0','datainform:datainform:remove','#','admin','2021-11-04 12:17:26','',NULL,''),(2005,'æ•°æ®ç®¡ç†å¯¼å‡º',2000,5,'#','',NULL,1,0,'F','0','0','datainform:datainform:export','#','admin','2021-11-04 12:17:26','',NULL,''),(2006,'æ•°æ®ç®¡ç†',0,1,'datainform',NULL,NULL,1,0,'M','0','0','','excel','admin','2021-11-04 14:43:23','admin','2021-11-04 14:45:03',''),(2007,'å®¢è§‚æŒ‡æ ‡',2019,1,'objtarget','target/objtarget/index',NULL,1,0,'C','0','0','target:objtarget:list','dict','admin','2021-11-04 15:51:58','admin','2021-11-04 18:11:18','å®¢è§‚æŒ‡æ ‡èœå•'),(2008,'å®¢è§‚æŒ‡æ ‡æŸ¥è¯¢',2007,1,'#','',NULL,1,0,'F','0','0','target:objtarget:query','#','admin','2021-11-04 15:51:58','',NULL,''),(2009,'å®¢è§‚æŒ‡æ ‡æ–°å¢',2007,2,'#','',NULL,1,0,'F','0','0','target:objtarget:add','#','admin','2021-11-04 15:51:58','',NULL,''),(2010,'å®¢è§‚æŒ‡æ ‡ä¿®æ”¹',2007,3,'#','',NULL,1,0,'F','0','0','target:objtarget:edit','#','admin','2021-11-04 15:51:58','',NULL,''),(2011,'å®¢è§‚æŒ‡æ ‡åˆ é™¤',2007,4,'#','',NULL,1,0,'F','0','0','target:objtarget:remove','#','admin','2021-11-04 15:51:58','',NULL,''),(2012,'å®¢è§‚æŒ‡æ ‡å¯¼å‡º',2007,5,'#','',NULL,1,0,'F','0','0','target:objtarget:export','#','admin','2021-11-04 15:51:58','',NULL,''),(2013,'ä¸»è§‚æŒ‡æ ‡',2019,2,'subjtarget','target/subjtarget/index',NULL,1,0,'C','0','0','target:subjtarget:list','drag','admin','2021-11-04 15:52:21','admin','2021-11-04 18:11:29','ä¸»è§‚æŒ‡æ ‡èœå•'),(2014,'ä¸»è§‚æŒ‡æ ‡æŸ¥è¯¢',2013,1,'#','',NULL,1,0,'F','0','0','target:subjtarget:query','#','admin','2021-11-04 15:52:21','',NULL,''),(2015,'ä¸»è§‚æŒ‡æ ‡æ–°å¢',2013,2,'#','',NULL,1,0,'F','0','0','target:subjtarget:add','#','admin','2021-11-04 15:52:21','',NULL,''),(2016,'ä¸»è§‚æŒ‡æ ‡ä¿®æ”¹',2013,3,'#','',NULL,1,0,'F','0','0','target:subjtarget:edit','#','admin','2021-11-04 15:52:21','',NULL,''),(2017,'ä¸»è§‚æŒ‡æ ‡åˆ é™¤',2013,4,'#','',NULL,1,0,'F','0','0','target:subjtarget:remove','#','admin','2021-11-04 15:52:21','',NULL,''),(2018,'ä¸»è§‚æŒ‡æ ‡å¯¼å‡º',2013,5,'#','',NULL,1,0,'F','0','0','target:subjtarget:export','#','admin','2021-11-04 15:52:21','',NULL,''),(2019,'æŒ‡æ ‡ç®¡ç†',0,2,'target',NULL,NULL,1,0,'M','0','0',NULL,'chart','admin','2021-11-04 15:57:25','',NULL,''),(2020,'æ•™å­¦è´¨é‡è¯„æµ‹',2044,2,'eduqualityeval','evaluation/eduqualityeval/index',NULL,1,0,'C','0','0','evaluation:eduqualityeval:list','server','admin','2021-11-04 16:30:26','admin','2021-11-04 18:12:49','æ•™å­¦è´¨é‡è¯„æµ‹èœå•'),(2021,'æ•™å­¦è´¨é‡è¯„æµ‹æŸ¥è¯¢',2020,1,'#','',NULL,1,0,'F','0','0','evaluation:eduqualityeval:query','#','admin','2021-11-04 16:30:26','',NULL,''),(2022,'æ•™å­¦è´¨é‡è¯„æµ‹æ–°å¢',2020,2,'#','',NULL,1,0,'F','0','0','evaluation:eduqualityeval:add','#','admin','2021-11-04 16:30:26','',NULL,''),(2023,'æ•™å­¦è´¨é‡è¯„æµ‹ä¿®æ”¹',2020,3,'#','',NULL,1,0,'F','0','0','evaluation:eduqualityeval:edit','#','admin','2021-11-04 16:30:26','',NULL,''),(2024,'æ•™å­¦è´¨é‡è¯„æµ‹åˆ é™¤',2020,4,'#','',NULL,1,0,'F','0','0','evaluation:eduqualityeval:remove','#','admin','2021-11-04 16:30:26','',NULL,''),(2025,'æ•™å­¦è´¨é‡è¯„æµ‹å¯¼å‡º',2020,5,'#','',NULL,1,0,'F','0','0','evaluation:eduqualityeval:export','#','admin','2021-11-04 16:30:26','',NULL,''),(2026,'å­¦æ ¡æµ‹è¯„',2044,1,'schooledueval','evaluation/schooledueval/index',NULL,1,0,'C','0','0','evaluation:schooledueval:list','list','admin','2021-11-04 16:30:47','admin','2021-11-04 18:11:49','å­¦æ ¡æµ‹è¯„èœå•'),(2027,'å­¦æ ¡æµ‹è¯„æŸ¥è¯¢',2026,1,'#','',NULL,1,0,'F','0','0','evaluation:schooledueval:query','#','admin','2021-11-04 16:30:47','',NULL,''),(2028,'å­¦æ ¡æµ‹è¯„æ–°å¢',2026,2,'#','',NULL,1,0,'F','0','0','evaluation:schooledueval:add','#','admin','2021-11-04 16:30:47','',NULL,''),(2029,'å­¦æ ¡æµ‹è¯„ä¿®æ”¹',2026,3,'#','',NULL,1,0,'F','0','0','evaluation:schooledueval:edit','#','admin','2021-11-04 16:30:47','',NULL,''),(2030,'å­¦æ ¡æµ‹è¯„åˆ é™¤',2026,4,'#','',NULL,1,0,'F','0','0','evaluation:schooledueval:remove','#','admin','2021-11-04 16:30:47','',NULL,''),(2031,'å­¦æ ¡æµ‹è¯„å¯¼å‡º',2026,5,'#','',NULL,1,0,'F','0','0','evaluation:schooledueval:export','#','admin','2021-11-04 16:30:47','',NULL,''),(2032,'è€å¸ˆæ•™å­¦æµ‹è¯„',2044,3,'teacheredueval','evaluation/teacheredueval/index',NULL,1,0,'C','0','0','evaluation:teacheredueval:list','peoples','admin','2021-11-04 16:31:12','admin','2021-11-04 18:12:22','è€å¸ˆæ•™å­¦æµ‹è¯„èœå•'),(2033,'è€å¸ˆæ•™å­¦æµ‹è¯„æŸ¥è¯¢',2032,1,'#','',NULL,1,0,'F','0','0','evaluation:teacheredueval:query','#','admin','2021-11-04 16:31:12','',NULL,''),(2034,'è€å¸ˆæ•™å­¦æµ‹è¯„æ–°å¢',2032,2,'#','',NULL,1,0,'F','0','0','evaluation:teacheredueval:add','#','admin','2021-11-04 16:31:12','',NULL,''),(2035,'è€å¸ˆæ•™å­¦æµ‹è¯„ä¿®æ”¹',2032,3,'#','',NULL,1,0,'F','0','0','evaluation:teacheredueval:edit','#','admin','2021-11-04 16:31:12','',NULL,''),(2036,'è€å¸ˆæ•™å­¦æµ‹è¯„åˆ é™¤',2032,4,'#','',NULL,1,0,'F','0','0','evaluation:teacheredueval:remove','#','admin','2021-11-04 16:31:12','',NULL,''),(2037,'è€å¸ˆæ•™å­¦æµ‹è¯„å¯¼å‡º',2032,5,'#','',NULL,1,0,'F','0','0','evaluation:teacheredueval:export','#','admin','2021-11-04 16:31:12','',NULL,''),(2038,'è€å¸ˆä¸ªäººæµ‹è¯„',2044,4,'teachpersioneval','evaluation/teachpersioneval/index',NULL,1,0,'C','0','0','evaluation:teachpersioneval:list','people','admin','2021-11-04 16:31:26','admin','2021-11-04 18:12:14','è€å¸ˆä¸ªäººæµ‹è¯„èœå•'),(2039,'è€å¸ˆä¸ªäººæµ‹è¯„æŸ¥è¯¢',2038,1,'#','',NULL,1,0,'F','0','0','evaluation:teachpersioneval:query','#','admin','2021-11-04 16:31:27','',NULL,''),(2040,'è€å¸ˆä¸ªäººæµ‹è¯„æ–°å¢',2038,2,'#','',NULL,1,0,'F','0','0','evaluation:teachpersioneval:add','#','admin','2021-11-04 16:31:27','',NULL,''),(2041,'è€å¸ˆä¸ªäººæµ‹è¯„ä¿®æ”¹',2038,3,'#','',NULL,1,0,'F','0','0','evaluation:teachpersioneval:edit','#','admin','2021-11-04 16:31:27','',NULL,''),(2042,'è€å¸ˆä¸ªäººæµ‹è¯„åˆ é™¤',2038,4,'#','',NULL,1,0,'F','0','0','evaluation:teachpersioneval:remove','#','admin','2021-11-04 16:31:27','',NULL,''),(2043,'è€å¸ˆä¸ªäººæµ‹è¯„å¯¼å‡º',2038,5,'#','',NULL,1,0,'F','0','0','evaluation:teachpersioneval:export','#','admin','2021-11-04 16:31:27','',NULL,''),(2044,'æµ‹è¯„ç®¡ç†',0,3,'evaluation',NULL,NULL,1,0,'M','0','0',NULL,'druid','admin','2021-11-04 16:32:58','',NULL,''),(2057,'æµ‹è¯„åˆ†æ',0,4,'evalanalyze',NULL,NULL,1,0,'M','0','0','','build','admin','2021-11-04 16:51:04','admin','2021-11-04 17:59:56',''),(2058,'å­¦æ ¡æ•™å­¦è¿½æº¯',2132,1,'schedutrace','edutrace/schedutrace/index',NULL,1,0,'C','0','0','edutrace:schedutrace:list','cascader','admin','2021-11-04 17:08:59','admin','2021-11-04 18:13:56','å­¦æ ¡æ•™å­¦è¿½æº¯èœå•'),(2059,'å­¦æ ¡æ•™å­¦è¿½æº¯æŸ¥è¯¢',2058,1,'#','',NULL,1,0,'F','0','0','edutrace:schedutrace:query','#','admin','2021-11-04 17:08:59','',NULL,''),(2060,'å­¦æ ¡æ•™å­¦è¿½æº¯æ–°å¢',2058,2,'#','',NULL,1,0,'F','0','0','edutrace:schedutrace:add','#','admin','2021-11-04 17:08:59','',NULL,''),(2061,'å­¦æ ¡æ•™å­¦è¿½æº¯ä¿®æ”¹',2058,3,'#','',NULL,1,0,'F','0','0','edutrace:schedutrace:edit','#','admin','2021-11-04 17:08:59','',NULL,''),(2062,'å­¦æ ¡æ•™å­¦è¿½æº¯åˆ é™¤',2058,4,'#','',NULL,1,0,'F','0','0','edutrace:schedutrace:remove','#','admin','2021-11-04 17:08:59','',NULL,''),(2063,'å­¦æ ¡æ•™å­¦è¿½æº¯å¯¼å‡º',2058,5,'#','',NULL,1,0,'F','0','0','edutrace:schedutrace:export','#','admin','2021-11-04 17:08:59','',NULL,''),(2064,'å­¦ç”Ÿæ•™å­¦è¿½æº¯',2132,3,'stuedutrace','edutrace/stuedutrace/index',NULL,1,0,'C','0','0','edutrace:stuedutrace:list','people','admin','2021-11-04 17:09:16','admin','2021-11-04 18:14:22','å­¦ç”Ÿæ•™å­¦è´¨é‡è¿½æº¯èœå•'),(2065,'å­¦ç”Ÿæ•™å­¦è´¨é‡è¿½æº¯æŸ¥è¯¢',2064,1,'#','',NULL,1,0,'F','0','0','edutrace:stuedutrace:query','#','admin','2021-11-04 17:09:16','',NULL,''),(2066,'å­¦ç”Ÿæ•™å­¦è´¨é‡è¿½æº¯æ–°å¢',2064,2,'#','',NULL,1,0,'F','0','0','edutrace:stuedutrace:add','#','admin','2021-11-04 17:09:16','',NULL,''),(2067,'å­¦ç”Ÿæ•™å­¦è´¨é‡è¿½æº¯ä¿®æ”¹',2064,3,'#','',NULL,1,0,'F','0','0','edutrace:stuedutrace:edit','#','admin','2021-11-04 17:09:16','',NULL,''),(2068,'å­¦ç”Ÿæ•™å­¦è´¨é‡è¿½æº¯åˆ é™¤',2064,4,'#','',NULL,1,0,'F','0','0','edutrace:stuedutrace:remove','#','admin','2021-11-04 17:09:16','',NULL,''),(2069,'å­¦ç”Ÿæ•™å­¦è´¨é‡è¿½æº¯å¯¼å‡º',2064,5,'#','',NULL,1,0,'F','0','0','edutrace:stuedutrace:export','#','admin','2021-11-04 17:09:16','',NULL,''),(2070,'è€å¸ˆæ•™å­¦è¿½æº¯',2132,2,'teachedutrace','edutrace/teachedutrace/index',NULL,1,0,'C','0','0','edutrace:teachedutrace:list','peoples','admin','2021-11-04 17:09:33','admin','2021-11-04 18:14:14','è€å¸ˆæ•™å­¦è¿½æº¯èœå•'),(2071,'è€å¸ˆæ•™å­¦è¿½æº¯æŸ¥è¯¢',2070,1,'#','',NULL,1,0,'F','0','0','edutrace:teachedutrace:query','#','admin','2021-11-04 17:09:33','',NULL,''),(2072,'è€å¸ˆæ•™å­¦è¿½æº¯æ–°å¢',2070,2,'#','',NULL,1,0,'F','0','0','edutrace:teachedutrace:add','#','admin','2021-11-04 17:09:33','',NULL,''),(2073,'è€å¸ˆæ•™å­¦è¿½æº¯ä¿®æ”¹',2070,3,'#','',NULL,1,0,'F','0','0','edutrace:teachedutrace:edit','#','admin','2021-11-04 17:09:33','',NULL,''),(2074,'è€å¸ˆæ•™å­¦è¿½æº¯åˆ é™¤',2070,4,'#','',NULL,1,0,'F','0','0','edutrace:teachedutrace:remove','#','admin','2021-11-04 17:09:33','',NULL,''),(2075,'è€å¸ˆæ•™å­¦è¿½æº¯å¯¼å‡º',2070,5,'#','',NULL,1,0,'F','0','0','edutrace:teachedutrace:export','#','admin','2021-11-04 17:09:33','',NULL,''),(2076,'ç­çº§ä¿¡æ¯',2130,2,'schclass','school/schclass/index',NULL,1,0,'C','0','0','school:schclass:list','table','admin','2021-11-04 17:21:30','admin','2021-11-04 18:15:07','ç­çº§ä¿¡æ¯èœå•'),(2077,'ç­çº§ä¿¡æ¯æŸ¥è¯¢',2076,1,'#','',NULL,1,0,'F','0','0','school:schclass:query','#','admin','2021-11-04 17:21:30','',NULL,''),(2078,'ç­çº§ä¿¡æ¯æ–°å¢',2076,2,'#','',NULL,1,0,'F','0','0','school:schclass:add','#','admin','2021-11-04 17:21:30','',NULL,''),(2079,'ç­çº§ä¿¡æ¯ä¿®æ”¹',2076,3,'#','',NULL,1,0,'F','0','0','school:schclass:edit','#','admin','2021-11-04 17:21:30','',NULL,''),(2080,'ç­çº§ä¿¡æ¯åˆ é™¤',2076,4,'#','',NULL,1,0,'F','0','0','school:schclass:remove','#','admin','2021-11-04 17:21:30','',NULL,''),(2081,'ç­çº§ä¿¡æ¯å¯¼å‡º',2076,5,'#','',NULL,1,0,'F','0','0','school:schclass:export','#','admin','2021-11-04 17:21:30','',NULL,''),(2082,'å­¦æ ¡ä¿¡æ¯',2130,1,'schschool','school/schschool/index',NULL,1,0,'C','0','0','school:schschool:list','tree','admin','2021-11-04 17:21:44','admin','2021-11-04 18:14:38','å­¦æ ¡ä¿¡æ¯èœå•'),(2083,'å­¦æ ¡ä¿¡æ¯æŸ¥è¯¢',2082,1,'#','',NULL,1,0,'F','0','0','school:schschool:query','#','admin','2021-11-04 17:21:44','',NULL,''),(2084,'å­¦æ ¡ä¿¡æ¯æ–°å¢',2082,2,'#','',NULL,1,0,'F','0','0','school:schschool:add','#','admin','2021-11-04 17:21:44','',NULL,''),(2085,'å­¦æ ¡ä¿¡æ¯ä¿®æ”¹',2082,3,'#','',NULL,1,0,'F','0','0','school:schschool:edit','#','admin','2021-11-04 17:21:44','',NULL,''),(2086,'å­¦æ ¡ä¿¡æ¯åˆ é™¤',2082,4,'#','',NULL,1,0,'F','0','0','school:schschool:remove','#','admin','2021-11-04 17:21:44','',NULL,''),(2087,'å­¦æ ¡ä¿¡æ¯å¯¼å‡º',2082,5,'#','',NULL,1,0,'F','0','0','school:schschool:export','#','admin','2021-11-04 17:21:44','',NULL,''),(2088,'å­¦ç”Ÿä¿¡æ¯',2130,1,'schstudent','school/schstudent/index',NULL,1,0,'C','0','0','school:schstudent:list','user','admin','2021-11-04 17:22:02','admin','2021-11-04 18:14:48','å­¦ç”Ÿä¿¡æ¯èœå•'),(2089,'å­¦ç”Ÿä¿¡æ¯æŸ¥è¯¢',2088,1,'#','',NULL,1,0,'F','0','0','school:schstudent:query','#','admin','2021-11-04 17:22:02','',NULL,''),(2090,'å­¦ç”Ÿä¿¡æ¯æ–°å¢',2088,2,'#','',NULL,1,0,'F','0','0','school:schstudent:add','#','admin','2021-11-04 17:22:02','',NULL,''),(2091,'å­¦ç”Ÿä¿¡æ¯ä¿®æ”¹',2088,3,'#','',NULL,1,0,'F','0','0','school:schstudent:edit','#','admin','2021-11-04 17:22:02','',NULL,''),(2092,'å­¦ç”Ÿä¿¡æ¯åˆ é™¤',2088,4,'#','',NULL,1,0,'F','0','0','school:schstudent:remove','#','admin','2021-11-04 17:22:02','',NULL,''),(2093,'å­¦ç”Ÿä¿¡æ¯å¯¼å‡º',2088,5,'#','',NULL,1,0,'F','0','0','school:schstudent:export','#','admin','2021-11-04 17:22:02','',NULL,''),(2094,'æ•™å¸ˆä¿¡æ¯',2130,3,'schteacher','school/schteacher/index',NULL,1,0,'C','0','0','school:schteacher:list','peoples','admin','2021-11-04 17:22:29','admin','2021-11-04 18:15:17','æ•™å¸ˆä¿¡æ¯èœå•'),(2095,'æ•™å¸ˆä¿¡æ¯æŸ¥è¯¢',2094,1,'#','',NULL,1,0,'F','0','0','school:schteacher:query','#','admin','2021-11-04 17:22:29','',NULL,''),(2096,'æ•™å¸ˆä¿¡æ¯æ–°å¢',2094,2,'#','',NULL,1,0,'F','0','0','school:schteacher:add','#','admin','2021-11-04 17:22:29','',NULL,''),(2097,'æ•™å¸ˆä¿¡æ¯ä¿®æ”¹',2094,3,'#','',NULL,1,0,'F','0','0','school:schteacher:edit','#','admin','2021-11-04 17:22:29','',NULL,''),(2098,'æ•™å¸ˆä¿¡æ¯åˆ é™¤',2094,4,'#','',NULL,1,0,'F','0','0','school:schteacher:remove','#','admin','2021-11-04 17:22:29','',NULL,''),(2099,'æ•™å¸ˆä¿¡æ¯å¯¼å‡º',2094,5,'#','',NULL,1,0,'F','0','0','school:schteacher:export','#','admin','2021-11-04 17:22:29','',NULL,''),(2100,'å¹³å‡åˆ†æ•°',2131,5,'averagescore','basicdata/averagescore/index',NULL,1,0,'C','0','0','basicdata:averagescore:list','number','admin','2021-11-04 17:33:50','admin','2021-11-04 18:16:22','å¹³å‡åˆ†æ•°èœå•'),(2101,'å¹³å‡åˆ†æ•°æŸ¥è¯¢',2100,1,'#','',NULL,1,0,'F','0','0','basicdata:averagescore:query','#','admin','2021-11-04 17:33:50','',NULL,''),(2102,'å¹³å‡åˆ†æ•°æ–°å¢',2100,2,'#','',NULL,1,0,'F','0','0','basicdata:averagescore:add','#','admin','2021-11-04 17:33:50','',NULL,''),(2103,'å¹³å‡åˆ†æ•°ä¿®æ”¹',2100,3,'#','',NULL,1,0,'F','0','0','basicdata:averagescore:edit','#','admin','2021-11-04 17:33:50','',NULL,''),(2104,'å¹³å‡åˆ†æ•°åˆ é™¤',2100,4,'#','',NULL,1,0,'F','0','0','basicdata:averagescore:remove','#','admin','2021-11-04 17:33:50','',NULL,''),(2105,'å¹³å‡åˆ†æ•°å¯¼å‡º',2100,5,'#','',NULL,1,0,'F','0','0','basicdata:averagescore:export','#','admin','2021-11-04 17:33:50','',NULL,''),(2106,'ç§‘ç›®ä¿¡æ¯',2131,4,'courseinfo','basicdata/courseinfo/index',NULL,1,0,'C','0','0','basicdata:courseinfo:list','clipboard','admin','2021-11-04 17:34:10','admin','2021-11-04 18:16:06','ç§‘ç›®ä¿¡æ¯èœå•'),(2107,'ç§‘ç›®ä¿¡æ¯æŸ¥è¯¢',2106,1,'#','',NULL,1,0,'F','0','0','basicdata:courseinfo:query','#','admin','2021-11-04 17:34:10','',NULL,''),(2108,'ç§‘ç›®ä¿¡æ¯æ–°å¢',2106,2,'#','',NULL,1,0,'F','0','0','basicdata:courseinfo:add','#','admin','2021-11-04 17:34:10','',NULL,''),(2109,'ç§‘ç›®ä¿¡æ¯ä¿®æ”¹',2106,3,'#','',NULL,1,0,'F','0','0','basicdata:courseinfo:edit','#','admin','2021-11-04 17:34:10','',NULL,''),(2110,'ç§‘ç›®ä¿¡æ¯åˆ é™¤',2106,4,'#','',NULL,1,0,'F','0','0','basicdata:courseinfo:remove','#','admin','2021-11-04 17:34:10','',NULL,''),(2111,'ç§‘ç›®ä¿¡æ¯å¯¼å‡º',2106,5,'#','',NULL,1,0,'F','0','0','basicdata:courseinfo:export','#','admin','2021-11-04 17:34:10','',NULL,''),(2112,'å­¦æ ¡ç±»å‹',2131,1,'schooltype','basicdata/schooltype/index',NULL,1,0,'C','0','0','basicdata:schooltype:list','build','admin','2021-11-04 17:34:34','admin','2021-11-04 18:15:38','å­¦æ ¡ç±»å‹èœå•'),(2113,'å­¦æ ¡ç±»å‹æŸ¥è¯¢',2112,1,'#','',NULL,1,0,'F','0','0','basicdata:schooltype:query','#','admin','2021-11-04 17:34:34','',NULL,''),(2114,'å­¦æ ¡ç±»å‹æ–°å¢',2112,2,'#','',NULL,1,0,'F','0','0','basicdata:schooltype:add','#','admin','2021-11-04 17:34:34','',NULL,''),(2115,'å­¦æ ¡ç±»å‹ä¿®æ”¹',2112,3,'#','',NULL,1,0,'F','0','0','basicdata:schooltype:edit','#','admin','2021-11-04 17:34:34','',NULL,''),(2116,'å­¦æ ¡ç±»å‹åˆ é™¤',2112,4,'#','',NULL,1,0,'F','0','0','basicdata:schooltype:remove','#','admin','2021-11-04 17:34:34','',NULL,''),(2117,'å­¦æ ¡ç±»å‹å¯¼å‡º',2112,5,'#','',NULL,1,0,'F','0','0','basicdata:schooltype:export','#','admin','2021-11-04 17:34:34','',NULL,''),(2118,'å­¦å¹´ä¿¡æ¯',2131,2,'schoolyear','basicdata/schoolyear/index',NULL,1,0,'C','0','0','basicdata:schoolyear:list','date-range','admin','2021-11-04 17:34:53','admin','2021-11-04 18:15:48','å­¦å¹´ä¿¡æ¯èœå•'),(2119,'å­¦å¹´ä¿¡æ¯æŸ¥è¯¢',2118,1,'#','',NULL,1,0,'F','0','0','basicdata:schoolyear:query','#','admin','2021-11-04 17:34:53','',NULL,''),(2120,'å­¦å¹´ä¿¡æ¯æ–°å¢',2118,2,'#','',NULL,1,0,'F','0','0','basicdata:schoolyear:add','#','admin','2021-11-04 17:34:53','',NULL,''),(2121,'å­¦å¹´ä¿¡æ¯ä¿®æ”¹',2118,3,'#','',NULL,1,0,'F','0','0','basicdata:schoolyear:edit','#','admin','2021-11-04 17:34:53','',NULL,''),(2122,'å­¦å¹´ä¿¡æ¯åˆ é™¤',2118,4,'#','',NULL,1,0,'F','0','0','basicdata:schoolyear:remove','#','admin','2021-11-04 17:34:53','',NULL,''),(2123,'å­¦å¹´ä¿¡æ¯å¯¼å‡º',2118,5,'#','',NULL,1,0,'F','0','0','basicdata:schoolyear:export','#','admin','2021-11-04 17:34:53','',NULL,''),(2124,'å­¦æœŸä¿¡æ¯',2131,3,'semester','basicdata/semester/index',NULL,1,0,'C','0','0','basicdata:semester:list','date','admin','2021-11-04 17:35:12','admin','2021-11-04 18:15:55','å­¦æœŸä¿¡æ¯èœå•'),(2125,'å­¦æœŸä¿¡æ¯æŸ¥è¯¢',2124,1,'#','',NULL,1,0,'F','0','0','basicdata:semester:query','#','admin','2021-11-04 17:35:12','',NULL,''),(2126,'å­¦æœŸä¿¡æ¯æ–°å¢',2124,2,'#','',NULL,1,0,'F','0','0','basicdata:semester:add','#','admin','2021-11-04 17:35:12','',NULL,''),(2127,'å­¦æœŸä¿¡æ¯ä¿®æ”¹',2124,3,'#','',NULL,1,0,'F','0','0','basicdata:semester:edit','#','admin','2021-11-04 17:35:13','',NULL,''),(2128,'å­¦æœŸä¿¡æ¯åˆ é™¤',2124,4,'#','',NULL,1,0,'F','0','0','basicdata:semester:remove','#','admin','2021-11-04 17:35:13','',NULL,''),(2129,'å­¦æœŸä¿¡æ¯å¯¼å‡º',2124,5,'#','',NULL,1,0,'F','0','0','basicdata:semester:export','#','admin','2021-11-04 17:35:13','',NULL,''),(2130,'å­¦æ ¡ç®¡ç†',0,6,'school',NULL,NULL,1,0,'M','0','0','','tree','admin','2021-11-04 17:38:04','admin','2021-11-04 18:08:02',''),(2131,'åŸºç¡€æ•°æ®',0,7,'basicdata',NULL,NULL,1,0,'M','0','0','','edit','admin','2021-11-04 17:38:32','admin','2021-11-04 18:09:13',''),(2132,'æ•™å­¦è¿½æº¯',0,5,'edutrace',NULL,NULL,1,0,'M','0','0','','guide','admin','2021-11-04 17:41:00','admin','2021-11-04 18:07:21',''),(2133,'å­¦æ ¡æµ‹è¯„åˆ†æ',2057,1,'schevalanalyze','evalanalyze/schevalanalyze/index',NULL,1,0,'C','0','0','evalanalyze:schevalanalyze:list','chart','admin','2021-11-04 18:00:27','admin','2021-11-04 18:13:14','å­¦æ ¡æµ‹è¯„åˆ†æèœå•'),(2134,'å­¦æ ¡æµ‹è¯„åˆ†ææŸ¥è¯¢',2133,1,'#','',NULL,1,0,'F','0','0','evalanalyze:schevalanalyze:query','#','admin','2021-11-04 18:00:27','',NULL,''),(2135,'å­¦æ ¡æµ‹è¯„åˆ†ææ–°å¢',2133,2,'#','',NULL,1,0,'F','0','0','evalanalyze:schevalanalyze:add','#','admin','2021-11-04 18:00:27','',NULL,''),(2136,'å­¦æ ¡æµ‹è¯„åˆ†æä¿®æ”¹',2133,3,'#','',NULL,1,0,'F','0','0','evalanalyze:schevalanalyze:edit','#','admin','2021-11-04 18:00:27','',NULL,''),(2137,'å­¦æ ¡æµ‹è¯„åˆ†æåˆ é™¤',2133,4,'#','',NULL,1,0,'F','0','0','evalanalyze:schevalanalyze:remove','#','admin','2021-11-04 18:00:27','',NULL,''),(2138,'å­¦æ ¡æµ‹è¯„åˆ†æå¯¼å‡º',2133,5,'#','',NULL,1,0,'F','0','0','evalanalyze:schevalanalyze:export','#','admin','2021-11-04 18:00:27','',NULL,''),(2139,'è€å¸ˆæµ‹è¯„åˆ†æ',2057,2,'teachevalanalyze','evalanalyze/teachevalanalyze/index',NULL,1,0,'C','0','0','evalanalyze:teachevalanalyze:list','user','admin','2021-11-04 18:00:42','admin','2021-11-04 18:13:27','è€å¸ˆæµ‹è¯„åˆ†æèœå•'),(2140,'è€å¸ˆæµ‹è¯„åˆ†ææŸ¥è¯¢',2139,1,'#','',NULL,1,0,'F','0','0','evalanalyze:teachevalanalyze:query','#','admin','2021-11-04 18:00:42','',NULL,''),(2141,'è€å¸ˆæµ‹è¯„åˆ†ææ–°å¢',2139,2,'#','',NULL,1,0,'F','0','0','evalanalyze:teachevalanalyze:add','#','admin','2021-11-04 18:00:42','',NULL,''),(2142,'è€å¸ˆæµ‹è¯„åˆ†æä¿®æ”¹',2139,3,'#','',NULL,1,0,'F','0','0','evalanalyze:teachevalanalyze:edit','#','admin','2021-11-04 18:00:42','',NULL,''),(2143,'è€å¸ˆæµ‹è¯„åˆ†æåˆ é™¤',2139,4,'#','',NULL,1,0,'F','0','0','evalanalyze:teachevalanalyze:remove','#','admin','2021-11-04 18:00:42','',NULL,''),(2144,'è€å¸ˆæµ‹è¯„åˆ†æå¯¼å‡º',2139,5,'#','',NULL,1,0,'F','0','0','evalanalyze:teachevalanalyze:export','#','admin','2021-11-04 18:00:42','',NULL,'');

/*Table structure for table `sys_notice` */

DROP TABLE IF EXISTS `sys_notice`;

CREATE TABLE `sys_notice` (
  `notice_id` int(4) NOT NULL AUTO_INCREMENT COMMENT 'å…¬å‘ŠID',
  `notice_title` varchar(50) NOT NULL COMMENT 'å…¬å‘Šæ ‡é¢˜',
  `notice_type` char(1) NOT NULL COMMENT 'å…¬å‘Šç±»å‹ï¼ˆ1é€šçŸ¥ 2å…¬å‘Šï¼‰',
  `notice_content` longblob COMMENT 'å…¬å‘Šå†…å®¹',
  `status` char(1) DEFAULT '0' COMMENT 'å…¬å‘ŠçŠ¶æ€ï¼ˆ0æ­£å¸¸ 1å…³é—­ï¼‰',
  `create_by` varchar(64) DEFAULT '' COMMENT 'åˆ›å»ºè€…',
  `create_time` datetime DEFAULT NULL COMMENT 'åˆ›å»ºæ—¶é—´',
  `update_by` varchar(64) DEFAULT '' COMMENT 'æ›´æ–°è€…',
  `update_time` datetime DEFAULT NULL COMMENT 'æ›´æ–°æ—¶é—´',
  `remark` varchar(255) DEFAULT NULL COMMENT 'å¤‡æ³¨',
  PRIMARY KEY (`notice_id`)
) ENGINE=InnoDB AUTO_INCREMENT=10 DEFAULT CHARSET=utf8mb4 COMMENT='é€šçŸ¥å…¬å‘Šè¡¨';

/*Data for the table `sys_notice` */

insert  into `sys_notice`(`notice_id`,`notice_title`,`notice_type`,`notice_content`,`status`,`create_by`,`create_time`,`update_by`,`update_time`,`remark`) values (1,'æ¸©é¦¨æé†’ï¼š2018-07-01 è‹¥ä¾æ–°ç‰ˆæœ¬å‘å¸ƒå•¦','2','æ–°ç‰ˆæœ¬å†…å®¹','0','admin','2021-11-05 08:56:21','',NULL,'ç®¡ç†å‘˜'),(2,'ç»´æŠ¤é€šçŸ¥ï¼š2018-07-01 è‹¥ä¾ç³»ç»Ÿå‡Œæ™¨ç»´æŠ¤','1','ç»´æŠ¤å†…å®¹','0','admin','2021-11-05 08:56:21','',NULL,'ç®¡ç†å‘˜');

/*Table structure for table `sys_oper_log` */

DROP TABLE IF EXISTS `sys_oper_log`;

CREATE TABLE `sys_oper_log` (
  `oper_id` bigint(20) NOT NULL AUTO_INCREMENT COMMENT 'æ—¥å¿—ä¸»é”®',
  `title` varchar(50) DEFAULT '' COMMENT 'æ¨¡å—æ ‡é¢˜',
  `business_type` int(2) DEFAULT '0' COMMENT 'ä¸šåŠ¡ç±»å‹ï¼ˆ0å…¶å®ƒ 1æ–°å¢ 2ä¿®æ”¹ 3åˆ é™¤ï¼‰',
  `method` varchar(100) DEFAULT '' COMMENT 'æ–¹æ³•åç§°',
  `request_method` varchar(10) DEFAULT '' COMMENT 'è¯·æ±‚æ–¹å¼',
  `operator_type` int(1) DEFAULT '0' COMMENT 'æ“ä½œç±»åˆ«ï¼ˆ0å…¶å®ƒ 1åå°ç”¨æˆ· 2æ‰‹æœºç«¯ç”¨æˆ·ï¼‰',
  `oper_name` varchar(50) DEFAULT '' COMMENT 'æ“ä½œäººå‘˜',
  `dept_name` varchar(50) DEFAULT '' COMMENT 'éƒ¨é—¨åç§°',
  `oper_url` varchar(255) DEFAULT '' COMMENT 'è¯·æ±‚URL',
  `oper_ip` varchar(128) DEFAULT '' COMMENT 'ä¸»æœºåœ°å€',
  `oper_location` varchar(255) DEFAULT '' COMMENT 'æ“ä½œåœ°ç‚¹',
  `oper_param` varchar(2000) DEFAULT '' COMMENT 'è¯·æ±‚å‚æ•°',
  `json_result` varchar(2000) DEFAULT '' COMMENT 'è¿”å›å‚æ•°',
  `status` int(1) DEFAULT '0' COMMENT 'æ“ä½œçŠ¶æ€ï¼ˆ0æ­£å¸¸ 1å¼‚å¸¸ï¼‰',
  `error_msg` varchar(2000) DEFAULT '' COMMENT 'é”™è¯¯æ¶ˆæ¯',
  `oper_time` datetime DEFAULT NULL COMMENT 'æ“ä½œæ—¶é—´',
  PRIMARY KEY (`oper_id`)
) ENGINE=InnoDB AUTO_INCREMENT=100 DEFAULT CHARSET=utf8mb4 COMMENT='æ“ä½œæ—¥å¿—è®°å½•';

/*Data for the table `sys_oper_log` */

/*Table structure for table `sys_post` */

DROP TABLE IF EXISTS `sys_post`;

CREATE TABLE `sys_post` (
  `post_id` bigint(20) NOT NULL AUTO_INCREMENT COMMENT 'å²—ä½ID',
  `post_code` varchar(64) NOT NULL COMMENT 'å²—ä½ç¼–ç ',
  `post_name` varchar(50) NOT NULL COMMENT 'å²—ä½åç§°',
  `post_sort` int(4) NOT NULL COMMENT 'æ˜¾ç¤ºé¡ºåº',
  `status` char(1) NOT NULL COMMENT 'çŠ¶æ€ï¼ˆ0æ­£å¸¸ 1åœç”¨ï¼‰',
  `create_by` varchar(64) DEFAULT '' COMMENT 'åˆ›å»ºè€…',
  `create_time` datetime DEFAULT NULL COMMENT 'åˆ›å»ºæ—¶é—´',
  `update_by` varchar(64) DEFAULT '' COMMENT 'æ›´æ–°è€…',
  `update_time` datetime DEFAULT NULL COMMENT 'æ›´æ–°æ—¶é—´',
  `remark` varchar(500) DEFAULT NULL COMMENT 'å¤‡æ³¨',
  PRIMARY KEY (`post_id`)
) ENGINE=InnoDB AUTO_INCREMENT=5 DEFAULT CHARSET=utf8mb4 COMMENT='å²—ä½ä¿¡æ¯è¡¨';

/*Data for the table `sys_post` */

insert  into `sys_post`(`post_id`,`post_code`,`post_name`,`post_sort`,`status`,`create_by`,`create_time`,`update_by`,`update_time`,`remark`) values (1,'ceo','è‘£äº‹é•¿',1,'0','admin','2021-11-05 08:56:20','',NULL,''),(2,'se','é¡¹ç›®ç»ç†',2,'0','admin','2021-11-05 08:56:20','',NULL,''),(3,'hr','äººåŠ›èµ„æº',3,'0','admin','2021-11-05 08:56:20','',NULL,''),(4,'user','æ™®é€šå‘˜å·¥',4,'0','admin','2021-11-05 08:56:21','',NULL,'');

/*Table structure for table `sys_role` */

DROP TABLE IF EXISTS `sys_role`;

CREATE TABLE `sys_role` (
  `role_id` bigint(20) NOT NULL AUTO_INCREMENT COMMENT 'è§’è‰²ID',
  `role_name` varchar(30) NOT NULL COMMENT 'è§’è‰²åç§°',
  `role_key` varchar(100) NOT NULL COMMENT 'è§’è‰²æƒé™å­—ç¬¦ä¸²',
  `role_sort` int(4) NOT NULL COMMENT 'æ˜¾ç¤ºé¡ºåº',
  `data_scope` char(1) DEFAULT '1' COMMENT 'æ•°æ®èŒƒå›´ï¼ˆ1ï¼šå…¨éƒ¨æ•°æ®æƒé™ 2ï¼šè‡ªå®šæ•°æ®æƒé™ 3ï¼šæœ¬éƒ¨é—¨æ•°æ®æƒé™ 4ï¼šæœ¬éƒ¨é—¨åŠä»¥ä¸‹æ•°æ®æƒé™ï¼‰',
  `menu_check_strictly` tinyint(1) DEFAULT '1' COMMENT 'èœå•æ ‘é€‰æ‹©é¡¹æ˜¯å¦å…³è”æ˜¾ç¤º',
  `dept_check_strictly` tinyint(1) DEFAULT '1' COMMENT 'éƒ¨é—¨æ ‘é€‰æ‹©é¡¹æ˜¯å¦å…³è”æ˜¾ç¤º',
  `status` char(1) NOT NULL COMMENT 'è§’è‰²çŠ¶æ€ï¼ˆ0æ­£å¸¸ 1åœç”¨ï¼‰',
  `del_flag` char(1) DEFAULT '0' COMMENT 'åˆ é™¤æ ‡å¿—ï¼ˆ0ä»£è¡¨å­˜åœ¨ 2ä»£è¡¨åˆ é™¤ï¼‰',
  `create_by` varchar(64) DEFAULT '' COMMENT 'åˆ›å»ºè€…',
  `create_time` datetime DEFAULT NULL COMMENT 'åˆ›å»ºæ—¶é—´',
  `update_by` varchar(64) DEFAULT '' COMMENT 'æ›´æ–°è€…',
  `update_time` datetime DEFAULT NULL COMMENT 'æ›´æ–°æ—¶é—´',
  `remark` varchar(500) DEFAULT NULL COMMENT 'å¤‡æ³¨',
  PRIMARY KEY (`role_id`)
) ENGINE=InnoDB AUTO_INCREMENT=100 DEFAULT CHARSET=utf8mb4 COMMENT='è§’è‰²ä¿¡æ¯è¡¨';

/*Data for the table `sys_role` */

insert  into `sys_role`(`role_id`,`role_name`,`role_key`,`role_sort`,`data_scope`,`menu_check_strictly`,`dept_check_strictly`,`status`,`del_flag`,`create_by`,`create_time`,`update_by`,`update_time`,`remark`) values (1,'è¶…çº§ç®¡ç†å‘˜','admin',1,'1',1,1,'0','0','admin','2021-11-05 08:56:21','',NULL,'è¶…çº§ç®¡ç†å‘˜'),(2,'æ™®é€šè§’è‰²','common',2,'2',1,1,'0','0','admin','2021-11-05 08:56:21','',NULL,'æ™®é€šè§’è‰²');

/*Table structure for table `sys_role_dept` */

DROP TABLE IF EXISTS `sys_role_dept`;

CREATE TABLE `sys_role_dept` (
  `role_id` bigint(20) NOT NULL COMMENT 'è§’è‰²ID',
  `dept_id` bigint(20) NOT NULL COMMENT 'éƒ¨é—¨ID',
  PRIMARY KEY (`role_id`,`dept_id`)
) ENGINE=InnoDB DEFAULT CHARSET=utf8mb4 COMMENT='è§’è‰²å’Œéƒ¨é—¨å…³è”è¡¨';

/*Data for the table `sys_role_dept` */

insert  into `sys_role_dept`(`role_id`,`dept_id`) values (2,100),(2,101),(2,105);

/*Table structure for table `sys_role_menu` */

DROP TABLE IF EXISTS `sys_role_menu`;

CREATE TABLE `sys_role_menu` (
  `role_id` bigint(20) NOT NULL COMMENT 'è§’è‰²ID',
  `menu_id` bigint(20) NOT NULL COMMENT 'èœå•ID',
  PRIMARY KEY (`role_id`,`menu_id`)
) ENGINE=InnoDB DEFAULT CHARSET=utf8mb4 COMMENT='è§’è‰²å’Œèœå•å…³è”è¡¨';

/*Data for the table `sys_role_menu` */

insert  into `sys_role_menu`(`role_id`,`menu_id`) values (2,1),(2,2),(2,3),(2,4),(2,100),(2,101),(2,102),(2,103),(2,104),(2,105),(2,106),(2,107),(2,108),(2,109),(2,110),(2,111),(2,112),(2,113),(2,114),(2,115),(2,116),(2,500),(2,501),(2,1000),(2,1001),(2,1002),(2,1003),(2,1004),(2,1005),(2,1006),(2,1007),(2,1008),(2,1009),(2,1010),(2,1011),(2,1012),(2,1013),(2,1014),(2,1015),(2,1016),(2,1017),(2,1018),(2,1019),(2,1020),(2,1021),(2,1022),(2,1023),(2,1024),(2,1025),(2,1026),(2,1027),(2,1028),(2,1029),(2,1030),(2,1031),(2,1032),(2,1033),(2,1034),(2,1035),(2,1036),(2,1037),(2,1038),(2,1039),(2,1040),(2,1041),(2,1042),(2,1043),(2,1044),(2,1045),(2,1046),(2,1047),(2,1048),(2,1049),(2,1050),(2,1051),(2,1052),(2,1053),(2,1054),(2,1055),(2,1056),(2,1057),(2,1058),(2,1059),(2,1060);

/*Table structure for table `sys_user` */

DROP TABLE IF EXISTS `sys_user`;

CREATE TABLE `sys_user` (
  `user_id` bigint(20) NOT NULL AUTO_INCREMENT COMMENT 'ç”¨æˆ·ID',
  `dept_id` bigint(20) DEFAULT NULL COMMENT 'éƒ¨é—¨ID',
  `user_name` varchar(30) NOT NULL COMMENT 'ç”¨æˆ·è´¦å·',
  `nick_name` varchar(30) NOT NULL COMMENT 'ç”¨æˆ·æ˜µç§°',
  `user_type` varchar(2) DEFAULT '00' COMMENT 'ç”¨æˆ·ç±»å‹ï¼ˆ00ç³»ç»Ÿç”¨æˆ·ï¼‰',
  `email` varchar(50) DEFAULT '' COMMENT 'ç”¨æˆ·é‚®ç®±',
  `phonenumber` varchar(11) DEFAULT '' COMMENT 'æ‰‹æœºå·ç ',
  `sex` char(1) DEFAULT '0' COMMENT 'ç”¨æˆ·æ€§åˆ«ï¼ˆ0ç”· 1å¥³ 2æœªçŸ¥ï¼‰',
  `avatar` varchar(100) DEFAULT '' COMMENT 'å¤´åƒåœ°å€',
  `password` varchar(100) DEFAULT '' COMMENT 'å¯†ç ',
  `status` char(1) DEFAULT '0' COMMENT 'å¸å·çŠ¶æ€ï¼ˆ0æ­£å¸¸ 1åœç”¨ï¼‰',
  `del_flag` char(1) DEFAULT '0' COMMENT 'åˆ é™¤æ ‡å¿—ï¼ˆ0ä»£è¡¨å­˜åœ¨ 2ä»£è¡¨åˆ é™¤ï¼‰',
  `login_ip` varchar(128) DEFAULT '' COMMENT 'æœ€åç™»å½•IP',
  `login_date` datetime DEFAULT NULL COMMENT 'æœ€åç™»å½•æ—¶é—´',
  `create_by` varchar(64) DEFAULT '' COMMENT 'åˆ›å»ºè€…',
  `create_time` datetime DEFAULT NULL COMMENT 'åˆ›å»ºæ—¶é—´',
  `update_by` varchar(64) DEFAULT '' COMMENT 'æ›´æ–°è€…',
  `update_time` datetime DEFAULT NULL COMMENT 'æ›´æ–°æ—¶é—´',
  `remark` varchar(500) DEFAULT NULL COMMENT 'å¤‡æ³¨',
  PRIMARY KEY (`user_id`)
) ENGINE=InnoDB AUTO_INCREMENT=100 DEFAULT CHARSET=utf8mb4 COMMENT='ç”¨æˆ·ä¿¡æ¯è¡¨';

/*Data for the table `sys_user` */

insert  into `sys_user`(`user_id`,`dept_id`,`user_name`,`nick_name`,`user_type`,`email`,`phonenumber`,`sex`,`avatar`,`password`,`status`,`del_flag`,`login_ip`,`login_date`,`create_by`,`create_time`,`update_by`,`update_time`,`remark`) values (1,103,'admin','è‹¥ä¾','00','ry@163.com','15888888888','1','','$2a$10$7JB720yubVSZvUI0rEqK/.VqGOZTH.ulu33dHOiBE8ByOhJIrdAu2','0','0','127.0.0.1','2021-11-05 09:06:08','admin','2021-11-05 08:56:20','','2021-11-05 09:06:07','ç®¡ç†å‘˜'),(2,105,'ry','è‹¥ä¾','00','ry@qq.com','15666666666','1','','$2a$10$7JB720yubVSZvUI0rEqK/.VqGOZTH.ulu33dHOiBE8ByOhJIrdAu2','0','0','127.0.0.1','2021-11-05 08:56:20','admin','2021-11-05 08:56:20','',NULL,'æµ‹è¯•å‘˜');

/*Table structure for table `sys_user_post` */

DROP TABLE IF EXISTS `sys_user_post`;

CREATE TABLE `sys_user_post` (
  `user_id` bigint(20) NOT NULL COMMENT 'ç”¨æˆ·ID',
  `post_id` bigint(20) NOT NULL COMMENT 'å²—ä½ID',
  PRIMARY KEY (`user_id`,`post_id`)
) ENGINE=InnoDB DEFAULT CHARSET=utf8mb4 COMMENT='ç”¨æˆ·ä¸å²—ä½å…³è”è¡¨';

/*Data for the table `sys_user_post` */

insert  into `sys_user_post`(`user_id`,`post_id`) values (1,1),(2,2);

/*Table structure for table `sys_user_role` */

DROP TABLE IF EXISTS `sys_user_role`;

CREATE TABLE `sys_user_role` (
  `user_id` bigint(20) NOT NULL COMMENT 'ç”¨æˆ·ID',
  `role_id` bigint(20) NOT NULL COMMENT 'è§’è‰²ID',
  PRIMARY KEY (`user_id`,`role_id`)
) ENGINE=InnoDB DEFAULT CHARSET=utf8mb4 COMMENT='ç”¨æˆ·å’Œè§’è‰²å…³è”è¡¨';

/*Data for the table `sys_user_role` */

insert  into `sys_user_role`(`user_id`,`role_id`) values (1,1),(2,2);

/*Table structure for table `tar_obj` */

DROP TABLE IF EXISTS `tar_obj`;

CREATE TABLE `tar_obj` (
  `tar_id` bigint(20) NOT NULL AUTO_INCREMENT COMMENT 'æŒ‡æ ‡ID',
  `group_name` varchar(200) NOT NULL COMMENT 'ç»„åç§°',
  `academic` varchar(200) NOT NULL COMMENT 'å­¦ä¸šé˜¶æ®µ',
  `sch_year` varchar(200) NOT NULL COMMENT 'æ‰€å±å­¦å¹´',
  `semester` varchar(200) NOT NULL COMMENT 'æ‰€å±å­¦æœŸ',
  `tar_type` varchar(200) NOT NULL COMMENT 'æŒ‡æ ‡ç±»å‹',
  `description` varchar(500) NOT NULL COMMENT 'æè¿°',
  `create_time` datetime NOT NULL COMMENT 'åˆ›å»ºæ—¶é—´',
  `username` varchar(200) NOT NULL COMMENT 'åˆ›å»ºäºº',
  `user_id` bigint(20) NOT NULL COMMENT 'ç”¨æˆ·ID',
  `ref_state` char(1) NOT NULL COMMENT 'å¼•ç”¨çŠ¶æ€ï¼ˆ0æœªå¼•ç”¨ï¼Œ1å¼•ç”¨ï¼‰',
  PRIMARY KEY (`tar_id`)
) ENGINE=InnoDB DEFAULT CHARSET=utf8mb4 COMMENT='å®¢è§‚æŒ‡æ ‡è¡¨';

/*Data for the table `tar_obj` */

/*Table structure for table `tar_subj` */

DROP TABLE IF EXISTS `tar_subj`;

CREATE TABLE `tar_subj` (
  `tar_id` bigint(20) NOT NULL AUTO_INCREMENT COMMENT 'æŒ‡æ ‡ID',
  `group_name` varchar(200) NOT NULL COMMENT 'ç»„åç§°',
  `academic` varchar(200) NOT NULL COMMENT 'å­¦ä¸šé˜¶æ®µ',
  `sch_year` varchar(200) NOT NULL COMMENT 'æ‰€å±å­¦å¹´',
  `semester` varchar(200) NOT NULL COMMENT 'æ‰€å±å­¦æœŸ',
  `tar_type` varchar(200) NOT NULL COMMENT 'æŒ‡æ ‡ç±»å‹',
  `description` varchar(500) NOT NULL COMMENT 'æè¿°',
  `create_time` datetime NOT NULL COMMENT 'åˆ›å»ºæ—¶é—´',
  `username` varchar(200) NOT NULL COMMENT 'åˆ›å»ºäºº',
  `user_id` bigint(20) NOT NULL COMMENT 'ç”¨æˆ·ID',
  `ref_state` char(1) NOT NULL COMMENT 'å¼•ç”¨çŠ¶æ€ï¼ˆ0æœªå¼•ç”¨ï¼Œ1å¼•ç”¨ï¼‰',
  PRIMARY KEY (`tar_id`)
) ENGINE=InnoDB DEFAULT CHARSET=utf8mb4 COMMENT='ä¸»è§‚æŒ‡æ ‡è¡¨';

/*Data for the table `tar_subj` */

/*Table structure for table `trace_edu_sch` */

DROP TABLE IF EXISTS `trace_edu_sch`;

CREATE TABLE `trace_edu_sch` (
  `trace_id` bigint(20) NOT NULL AUTO_INCREMENT COMMENT 'å­¦æ ¡æ•™ç¨‹è¿½æº¯ID',
  `trace_name` varchar(200) NOT NULL COMMENT 'ç»Ÿè®¡åç§°',
  `sch_name` varchar(200) NOT NULL COMMENT 'å­¦æ ¡åç§°',
  `sch_id` bigint(20) NOT NULL COMMENT 'å­¦æ ¡ID',
  `grade` varchar(200) NOT NULL COMMENT 'å¹´çº§',
  `count_time` varchar(200) NOT NULL COMMENT 'ç»Ÿè®¡æ—¶é—´',
  `create_time` datetime NOT NULL COMMENT 'åˆ›å»ºæ—¶é—´',
  `username` varchar(200) NOT NULL COMMENT 'ç”¨æˆ·åç§°',
  `user_id` bigint(20) NOT NULL COMMENT 'ç”¨æˆ·ID',
  PRIMARY KEY (`trace_id`)
) ENGINE=InnoDB DEFAULT CHARSET=utf8mb4 COMMENT='å­¦æ ¡æ•™å­¦è¿½æº¯è¡¨';

/*Data for the table `trace_edu_sch` */

/*Table structure for table `trace_edu_student` */

DROP TABLE IF EXISTS `trace_edu_student`;

CREATE TABLE `trace_edu_student` (
  `trace_id` bigint(20) NOT NULL AUTO_INCREMENT COMMENT 'å­¦ç”Ÿæ•™å­¦è´¨é‡è¿½æº¯ID',
  `trace_name` varchar(200) NOT NULL COMMENT 'å­¦ç”Ÿæ•™å­¦è¿½æº¯æŠ¥å‘Šåç§°',
  `academic` varchar(200) NOT NULL COMMENT 'å­¦ä¸šé˜¶æ®µ',
  `stu_name` varchar(200) NOT NULL COMMENT 'å­¦ç”Ÿå§“å',
  `sch_num` varchar(200) NOT NULL COMMENT 'å­¦ç±å·ï¼ˆèº«ä»½è¯å·ï¼‰',
  `count_time` varchar(200) NOT NULL COMMENT 'ç»Ÿè®¡æ—¶é—´',
  `create_time` datetime NOT NULL COMMENT 'åˆ›å»ºæ—¶é—´',
  `username` varchar(200) NOT NULL COMMENT 'ç”¨æˆ·åç§°',
  `user_id` bigint(20) NOT NULL COMMENT 'ç”¨æˆ·ID',
  PRIMARY KEY (`trace_id`)
) ENGINE=InnoDB DEFAULT CHARSET=utf8mb4 COMMENT='å­¦ç”Ÿæ•™å­¦è´¨é‡è¿½æº¯è¡¨';

/*Data for the table `trace_edu_student` */

/*Table structure for table `trace_edu_teach` */

DROP TABLE IF EXISTS `trace_edu_teach`;

CREATE TABLE `trace_edu_teach` (
  `trace_id` bigint(20) NOT NULL AUTO_INCREMENT COMMENT 'æ•™å¸ˆè¿½æº¯ID',
  `trace_name` varchar(200) NOT NULL COMMENT 'è€å¸ˆè¿½æº¯æŠ¥å‘Šåç§°',
  `academic` varchar(200) NOT NULL COMMENT 'å­¦ä¸šé˜¶æ®µ',
  `sch_semester` varchar(200) NOT NULL COMMENT 'æ‰€å±å­¦å¹´å­¦æœŸ',
  `obj_eval` varchar(200) NOT NULL COMMENT 'å®¢è§‚è¯„ä»·',
  `subj_eval` varchar(200) NOT NULL COMMENT 'ä¸»è§‚è¯„ä»·',
  `create_time` datetime NOT NULL COMMENT 'åˆ›å»ºæ—¶é—´',
  `username` varchar(200) NOT NULL COMMENT 'ç”¨æˆ·åç§°',
  `user_id` bigint(20) NOT NULL COMMENT 'ç”¨æˆ·ID',
  PRIMARY KEY (`trace_id`)
) ENGINE=InnoDB DEFAULT CHARSET=utf8mb4 COMMENT='è€å¸ˆæ•™å­¦è´¨é‡è¿½æº¯è¡¨';

/*Data for the table `trace_edu_teach` */

/*!40101 SET SQL_MODE=@OLD_SQL_MODE */;
/*!40014 SET FOREIGN_KEY_CHECKS=@OLD_FOREIGN_KEY_CHECKS */;
/*!40014 SET UNIQUE_CHECKS=@OLD_UNIQUE_CHECKS */;
/*!40111 SET SQL_NOTES=@OLD_SQL_NOTES */;
